2026-03-29 11:37:24,340 | INFO | app.main | 🚀 Starting Petroleum Data API v1.0.0
2026-03-29 11:43:28,300 | INFO | app.main | 🚀 Starting Petroleum Data API v1.0.0
2026-03-29 11:43:28,361 | INFO | app.main | 🚀 Starting Petroleum Data API v1.0.0
2026-03-29 11:43:28,440 | INFO | app.main | 🚀 Starting Petroleum Data API v1.0.0
2026-03-29 11:43:28,741 | INFO | app.main | 🚀 Starting Petroleum Data API v1.0.0
2026-03-29 11:43:28,773 | INFO | app.main | 🚀 Starting Petroleum Data API v1.0.0
2026-03-29 11:44:05,112 | INFO | app.main | 🚀 Starting Petroleum Data API v1.0.0
2026-03-29 11:49:55,884 | INFO | app.main | 🚀 Starting Petroleum Data API v1.0.0
2026-03-29 11:49:55,903 | INFO | app.main | 🚀 Starting Petroleum Data API v1.0.0
2026-03-29 11:49:55,909 | INFO | app.main | 🚀 Starting Petroleum Data API v1.0.0
2026-03-29 11:49:55,993 | INFO | app.main | 🚀 Starting Petroleum Data API v1.0.0
2026-03-29 11:49:56,194 | INFO | app.main | 🚀 Starting Petroleum Data API v1.0.0
2026-03-29 11:49:56,292 | INFO | app.main | 🚀 Starting Petroleum Data API v1.0.0
2026-03-29 11:50:08,593 | INFO | app.main | 🚀 Starting Petroleum Data API v1.0.0
2026-03-29 11:50:08,979 | INFO | app.main | 🚀 Starting Petroleum Data API v1.0.0
2026-03-29 11:50:08,996 | INFO | app.main | 🚀 Starting Petroleum Data API v1.0.0
2026-03-29 11:50:09,142 | INFO | app.main | 🚀 Starting Petroleum Data API v1.0.0
2026-03-29 11:50:09,263 | INFO | app.main | 🚀 Starting Petroleum Data API v1.0.0
2026-03-29 11:50:10,281 | INFO | app.main | 🚀 Starting Petroleum Data API v1.0.0
2026-03-29 11:50:50,359 | INFO | app.main | 🚀 Starting Petroleum Data API v1.0.0
2026-03-29 11:50:50,466 | INFO | app.main | 🚀 Starting Petroleum Data API v1.0.0
2026-03-29 11:50:50,476 | INFO | app.main | 🚀 Starting Petroleum Data API v1.0.0
2026-03-29 11:50:51,228 | INFO | app.main | 🚀 Starting Petroleum Data API v1.0.0
2026-03-29 11:50:51,969 | INFO | app.main | 🚀 Starting Petroleum Data API v1.0.0
2026-03-29 11:50:52,354 | INFO | app.main | 🚀 Starting Petroleum Data API v1.0.0
2026-03-29 11:51:36,488 | INFO | app.main | 🚀 Starting Petroleum Data API v1.0.0
2026-03-29 11:56:49,757 | INFO | app.main | 🚀 Starting Petroleum Data API v1.0.0
2026-03-29 11:56:49,797 | INFO | app.main | 🚀 Starting Petroleum Data API v1.0.0
2026-03-29 11:56:49,991 | INFO | app.main | 🚀 Starting Petroleum Data API v1.0.0
2026-03-29 11:56:50,215 | INFO | app.main | 🚀 Starting Petroleum Data API v1.0.0
2026-03-29 11:56:51,258 | INFO | app.main | 🚀 Starting Petroleum Data API v1.0.0
2026-03-29 11:56:51,304 | INFO | app.main | 🚀 Starting Petroleum Data API v1.0.0
2026-03-29 11:56:52,229 | INFO | app.main | 🚀 Starting Petroleum Data API v1.0.0
2026-03-29 12:12:22,062 | INFO | app.main | 🚀 Starting Petroleum Data API v1.0.0
2026-03-29 12:12:22,377 | INFO | app.database.session | Database tables initialized
2026-03-29 12:12:22,890 | INFO | app.main | 🚀 Starting Petroleum Data API v1.0.0
2026-03-29 12:12:22,914 | INFO | app.database.session | Database tables initialized
2026-03-29 12:12:23,253 | INFO | app.main | 🚀 Starting Petroleum Data API v1.0.0
2026-03-29 12:12:23,333 | INFO | app.database.session | Database tables initialized
2026-03-29 12:12:23,360 | INFO | app.main | 🚀 Starting Petroleum Data API v1.0.0
2026-03-29 12:12:23,392 | INFO | app.database.session | Database tables initialized
2026-03-29 12:12:23,818 | INFO | app.main | 🚀 Starting Petroleum Data API v1.0.0
2026-03-29 12:12:23,839 | INFO | app.database.session | Database tables initialized
2026-03-29 12:12:23,856 | INFO | app.main | 🚀 Starting Petroleum Data API v1.0.0
2026-03-29 12:12:23,869 | INFO | app.main | 🚀 Starting Petroleum Data API v1.0.0
2026-03-29 12:12:23,874 | INFO | app.database.session | Database tables initialized
2026-03-29 12:12:23,918 | INFO | app.database.session | Database tables initialized
2026-03-29 12:12:24,058 | INFO | app.main | 🚀 Starting Petroleum Data API v1.0.0
2026-03-29 12:12:24,070 | INFO | app.database.session | Database tables initialized
2026-03-29 12:12:24,103 | INFO | app.main | 🚀 Starting Petroleum Data API v1.0.0
2026-03-29 12:12:24,112 | INFO | app.database.session | Database tables initialized
2026-03-29 12:12:24,355 | INFO | app.main | 🚀 Starting Petroleum Data API v1.0.0
2026-03-29 12:12:24,365 | INFO | app.main | 🚀 Starting Petroleum Data API v1.0.0
2026-03-29 12:12:24,367 | INFO | app.database.session | Database tables initialized
2026-03-29 12:12:24,374 | INFO | app.database.session | Database tables initialized
2026-03-29 12:12:24,535 | INFO | app.main | 🚀 Starting Petroleum Data API v1.0.0
2026-03-29 12:12:24,543 | INFO | app.database.session | Database tables initialized
2026-03-29 12:12:36,880 | INFO | app.main | 🛑 Application shutdown
2026-03-29 12:12:36,987 | INFO | app.main | 🛑 Application shutdown
2026-03-29 12:12:36,987 | INFO | app.main | 🛑 Application shutdown
2026-03-29 12:12:36,988 | INFO | app.main | 🛑 Application shutdown
2026-03-29 12:12:36,988 | INFO | app.main | 🛑 Application shutdown
2026-03-29 12:12:36,989 | INFO | app.main | 🛑 Application shutdown
2026-03-29 12:12:36,990 | INFO | app.main | 🛑 Application shutdown
2026-03-29 12:12:36,988 | INFO | app.main | 🛑 Application shutdown
2026-03-29 12:12:37,063 | INFO | app.main | 🛑 Application shutdown
2026-03-29 12:12:37,062 | INFO | app.main | 🛑 Application shutdown
2026-03-29 12:12:37,089 | INFO | app.main | 🛑 Application shutdown
2026-03-29 12:12:37,494 | INFO | app.main | 🛑 Application shutdown
2026-03-29 12:12:58,422 | INFO | app.main | 🚀 Starting Petroleum Data API v1.0.0
2026-03-29 12:12:58,464 | INFO | app.database.session | Database tables initialized
2026-03-29 12:12:58,479 | INFO | app.main | 🚀 Starting Petroleum Data API v1.0.0
2026-03-29 12:12:58,510 | INFO | app.database.session | Database tables initialized
2026-03-29 12:12:58,587 | INFO | app.main | 🚀 Starting Petroleum Data API v1.0.0
2026-03-29 12:12:58,603 | INFO | app.database.session | Database tables initialized
2026-03-29 12:12:58,912 | INFO | app.main | 🚀 Starting Petroleum Data API v1.0.0
2026-03-29 12:12:58,920 | INFO | app.database.session | Database tables initialized
2026-03-29 12:12:59,137 | INFO | app.main | 🚀 Starting Petroleum Data API v1.0.0
2026-03-29 12:12:59,202 | INFO | app.database.session | Database tables initialized
2026-03-29 12:12:59,207 | INFO | app.main | 🚀 Starting Petroleum Data API v1.0.0
2026-03-29 12:12:59,211 | INFO | app.main | 🚀 Starting Petroleum Data API v1.0.0
2026-03-29 12:12:59,225 | INFO | app.main | 🚀 Starting Petroleum Data API v1.0.0
2026-03-29 12:12:59,244 | INFO | app.database.session | Database tables initialized
2026-03-29 12:12:59,238 | INFO | app.database.session | Database tables initialized
2026-03-29 12:12:59,277 | INFO | app.main | 🚀 Starting Petroleum Data API v1.0.0
2026-03-29 12:12:59,239 | INFO | app.database.session | Database tables initialized
2026-03-29 12:12:59,283 | INFO | app.main | 🚀 Starting Petroleum Data API v1.0.0
2026-03-29 12:12:59,298 | INFO | app.database.session | Database tables initialized
2026-03-29 12:12:59,321 | INFO | app.database.session | Database tables initialized
2026-03-29 12:12:59,324 | INFO | app.main | 🚀 Starting Petroleum Data API v1.0.0
2026-03-29 12:12:59,333 | INFO | app.database.session | Database tables initialized
2026-03-29 12:12:59,674 | INFO | app.main | 🚀 Starting Petroleum Data API v1.0.0
2026-03-29 12:12:59,681 | INFO | app.database.session | Database tables initialized
2026-03-29 12:13:18,090 | INFO | app.main | 🚀 Starting Petroleum Data API v1.0.0
2026-03-29 12:13:18,094 | INFO | app.database.session | Database tables initialized
2026-03-29 12:27:26,955 | INFO | app.main | 🛑 Application shutdown
2026-03-29 12:27:26,955 | INFO | app.main | 🛑 Application shutdown
2026-03-29 12:27:26,955 | INFO | app.main | 🛑 Application shutdown
2026-03-29 12:27:26,971 | INFO | app.main | 🛑 Application shutdown
2026-03-29 12:27:27,172 | INFO | app.main | 🛑 Application shutdown
2026-03-29 12:27:27,173 | INFO | app.main | 🛑 Application shutdown
2026-03-29 12:27:27,219 | INFO | app.main | 🛑 Application shutdown
2026-03-29 12:27:27,219 | INFO | app.main | 🛑 Application shutdown
2026-03-29 12:27:27,219 | INFO | app.main | 🛑 Application shutdown
2026-03-29 12:27:27,283 | INFO | app.main | 🛑 Application shutdown
2026-03-29 12:27:27,283 | INFO | app.main | 🛑 Application shutdown
2026-03-29 12:27:27,284 | INFO | app.main | 🛑 Application shutdown
2026-03-29 12:27:38,651 | INFO | app.main | 🚀 Starting Petroleum Data API v1.0.0
2026-03-29 12:27:38,668 | INFO | app.database.session | Database tables initialized
2026-03-29 12:27:38,678 | INFO | app.main | 🚀 Starting Petroleum Data API v1.0.0
2026-03-29 12:27:38,688 | INFO | app.database.session | Database tables initialized
2026-03-29 12:27:38,791 | INFO | app.main | 🛑 Application shutdown
2026-03-29 12:27:38,806 | INFO | app.main | 🛑 Application shutdown
2026-03-29 12:27:38,955 | INFO | app.main | 🚀 Starting Petroleum Data API v1.0.0
2026-03-29 12:27:38,972 | INFO | app.main | 🚀 Starting Petroleum Data API v1.0.0
2026-03-29 12:27:38,976 | INFO | app.database.session | Database tables initialized
2026-03-29 12:27:38,993 | INFO | app.database.session | Database tables initialized
2026-03-29 12:27:39,107 | INFO | app.main | 🛑 Application shutdown
2026-03-29 12:27:39,154 | INFO | app.main | 🚀 Starting Petroleum Data API v1.0.0
2026-03-29 12:27:39,180 | INFO | app.main | 🚀 Starting Petroleum Data API v1.0.0
2026-03-29 12:27:39,181 | INFO | app.database.session | Database tables initialized
2026-03-29 12:27:39,204 | INFO | app.database.session | Database tables initialized
2026-03-29 12:27:39,393 | INFO | app.main | 🚀 Starting Petroleum Data API v1.0.0
2026-03-29 12:27:39,407 | INFO | app.database.session | Database tables initialized
2026-03-29 12:27:39,488 | INFO | app.main | 🚀 Starting Petroleum Data API v1.0.0
2026-03-29 12:27:39,499 | INFO | app.database.session | Database tables initialized
2026-03-29 12:27:39,521 | INFO | app.main | 🚀 Starting Petroleum Data API v1.0.0
2026-03-29 12:27:39,533 | INFO | app.database.session | Database tables initialized
2026-03-29 12:27:39,716 | INFO | app.main | 🚀 Starting Petroleum Data API v1.0.0
2026-03-29 12:27:39,770 | INFO | app.database.session | Database tables initialized
2026-03-29 12:27:39,976 | INFO | app.main | 🚀 Starting Petroleum Data API v1.0.0
2026-03-29 12:27:40,002 | INFO | app.database.session | Database tables initialized
2026-03-29 12:27:40,164 | INFO | app.main | 🚀 Starting Petroleum Data API v1.0.0
2026-03-29 12:27:40,189 | INFO | app.database.session | Database tables initialized
2026-03-29 12:27:40,486 | INFO | app.main | 🚀 Starting Petroleum Data API v1.0.0
2026-03-29 12:27:40,504 | INFO | app.database.session | Database tables initialized
2026-03-29 12:27:46,049 | INFO | app.main | 🚀 Starting Petroleum Data API v1.0.0
2026-03-29 12:27:46,057 | INFO | app.database.session | Database tables initialized
2026-03-29 12:27:46,294 | INFO | app.main | 🚀 Starting Petroleum Data API v1.0.0
2026-03-29 12:27:46,302 | INFO | app.database.session | Database tables initialized
2026-03-29 12:27:46,306 | INFO | app.main | 🚀 Starting Petroleum Data API v1.0.0
2026-03-29 12:27:46,313 | INFO | app.database.session | Database tables initialized
2026-03-31 06:33:49,033 | INFO | app.main | 🛑 Application shutdown
2026-03-31 06:33:49,127 | INFO | app.main | 🛑 Application shutdown
2026-03-31 06:33:50,011 | INFO | app.main | 🛑 Application shutdown
2026-03-31 06:33:50,037 | INFO | app.main | 🛑 Application shutdown
2026-03-31 06:33:50,043 | INFO | app.main | 🛑 Application shutdown
2026-03-31 06:33:50,099 | INFO | app.main | 🛑 Application shutdown
2026-03-31 06:33:50,105 | INFO | app.main | 🛑 Application shutdown
2026-03-31 06:33:50,118 | INFO | app.main | 🛑 Application shutdown
2026-03-31 06:33:50,120 | INFO | app.main | 🛑 Application shutdown
2026-03-31 06:33:50,151 | INFO | app.main | 🛑 Application shutdown
2026-03-31 06:33:50,167 | INFO | app.main | 🛑 Application shutdown
2026-03-31 06:33:50,223 | INFO | app.main | 🛑 Application shutdown
2026-03-31 06:34:11,394 | INFO | app.main | 🚀 Starting Petroleum Data API v1.0.0
2026-03-31 06:34:11,431 | INFO | app.database.session | Database tables initialized
2026-03-31 06:34:11,570 | INFO | app.main | 🛑 Application shutdown
2026-03-31 06:34:12,324 | INFO | app.main | 🚀 Starting Petroleum Data API v1.0.0
2026-03-31 06:34:12,342 | INFO | app.database.session | Database tables initialized
2026-03-31 06:34:12,481 | INFO | app.main | 🛑 Application shutdown
2026-03-31 06:34:12,794 | INFO | app.main | 🚀 Starting Petroleum Data API v1.0.0
2026-03-31 06:34:12,851 | INFO | app.database.session | Database tables initialized
2026-03-31 06:34:12,918 | INFO | app.main | 🚀 Starting Petroleum Data API v1.0.0
2026-03-31 06:34:12,928 | INFO | app.main | 🚀 Starting Petroleum Data API v1.0.0
2026-03-31 06:34:12,942 | INFO | app.database.session | Database tables initialized
2026-03-31 06:34:12,943 | INFO | app.database.session | Database tables initialized
2026-03-31 06:34:12,999 | INFO | app.main | 🛑 Application shutdown
2026-03-31 06:34:13,053 | INFO | app.main | 🛑 Application shutdown
2026-03-31 06:34:13,054 | INFO | app.main | 🛑 Application shutdown
2026-03-31 06:34:13,339 | INFO | app.main | 🚀 Starting Petroleum Data API v1.0.0
2026-03-31 06:34:13,384 | INFO | app.database.session | Database tables initialized
2026-03-31 06:34:13,515 | INFO | app.main | 🚀 Starting Petroleum Data API v1.0.0
2026-03-31 06:34:13,529 | INFO | app.main | 🛑 Application shutdown
2026-03-31 06:34:13,554 | INFO | app.database.session | Database tables initialized
2026-03-31 06:34:13,761 | INFO | app.main | 🛑 Application shutdown
2026-03-31 06:34:13,873 | INFO | app.main | 🚀 Starting Petroleum Data API v1.0.0
2026-03-31 06:34:13,882 | INFO | app.main | 🚀 Starting Petroleum Data API v1.0.0
2026-03-31 06:34:13,910 | INFO | app.database.session | Database tables initialized
2026-03-31 06:34:13,918 | INFO | app.database.session | Database tables initialized
2026-03-31 06:34:13,957 | INFO | app.main | 🚀 Starting Petroleum Data API v1.0.0
2026-03-31 06:34:13,990 | INFO | app.database.session | Database tables initialized
2026-03-31 06:34:14,027 | INFO | app.main | 🛑 Application shutdown
2026-03-31 06:34:14,091 | INFO | app.main | 🛑 Application shutdown
2026-03-31 06:34:14,104 | INFO | app.main | 🛑 Application shutdown
2026-03-31 06:34:16,096 | INFO | app.main | 🚀 Starting Petroleum Data API v1.0.0
2026-03-31 06:34:16,135 | INFO | app.database.session | Database tables initialized
2026-03-31 06:34:16,283 | INFO | app.main | 🛑 Application shutdown
2026-03-31 06:34:16,658 | INFO | app.main | 🚀 Starting Petroleum Data API v1.0.0
2026-03-31 06:34:16,693 | INFO | app.database.session | Database tables initialized
2026-03-31 06:34:16,805 | INFO | app.main | 🛑 Application shutdown
2026-03-31 06:34:34,500 | INFO | app.main | 🚀 Starting Petroleum Data API v1.0.0
2026-03-31 06:34:34,522 | INFO | app.database.session | Database tables initialized
2026-03-31 06:34:35,595 | INFO | app.main | 🚀 Starting Petroleum Data API v1.0.0
2026-03-31 06:34:35,683 | INFO | app.database.session | Database tables initialized
2026-03-31 06:34:36,085 | INFO | app.main | 🚀 Starting Petroleum Data API v1.0.0
2026-03-31 06:34:36,105 | INFO | app.database.session | Database tables initialized
2026-03-31 06:34:36,225 | INFO | app.main | 🚀 Starting Petroleum Data API v1.0.0
2026-03-31 06:34:36,247 | INFO | app.database.session | Database tables initialized
2026-03-31 06:34:36,860 | INFO | app.main | 🚀 Starting Petroleum Data API v1.0.0
2026-03-31 06:34:36,873 | INFO | app.database.session | Database tables initialized
2026-03-31 06:34:36,885 | INFO | app.main | 🚀 Starting Petroleum Data API v1.0.0
2026-03-31 06:34:36,910 | INFO | app.database.session | Database tables initialized
2026-03-31 06:34:37,072 | INFO | app.main | 🚀 Starting Petroleum Data API v1.0.0
2026-03-31 06:34:37,114 | INFO | app.database.session | Database tables initialized
2026-03-31 06:34:37,601 | INFO | app.main | 🚀 Starting Petroleum Data API v1.0.0
2026-03-31 06:34:37,649 | INFO | app.database.session | Database tables initialized
2026-03-31 06:34:37,890 | INFO | app.main | 🚀 Starting Petroleum Data API v1.0.0
2026-03-31 06:34:37,939 | INFO | app.main | 🚀 Starting Petroleum Data API v1.0.0
2026-03-31 06:34:37,943 | INFO | app.database.session | Database tables initialized
2026-03-31 06:34:37,983 | INFO | app.database.session | Database tables initialized
2026-03-31 06:34:38,196 | INFO | app.main | 🚀 Starting Petroleum Data API v1.0.0
2026-03-31 06:34:38,212 | INFO | app.database.session | Database tables initialized
2026-03-31 06:34:38,408 | INFO | app.main | 🚀 Starting Petroleum Data API v1.0.0
2026-03-31 06:34:38,420 | INFO | app.database.session | Database tables initialized
2026-03-31 06:35:36,541 | INFO | app.main | 🛑 Application shutdown
2026-03-31 06:35:36,764 | INFO | app.main | 🛑 Application shutdown
2026-03-31 06:35:36,865 | INFO | app.main | 🛑 Application shutdown
2026-03-31 06:35:36,865 | INFO | app.main | 🛑 Application shutdown
2026-03-31 06:35:36,882 | INFO | app.main | 🛑 Application shutdown
2026-03-31 06:35:36,882 | INFO | app.main | 🛑 Application shutdown
2026-03-31 06:35:36,882 | INFO | app.main | 🛑 Application shutdown
2026-03-31 06:35:36,883 | INFO | app.main | 🛑 Application shutdown
2026-03-31 06:35:36,892 | INFO | app.main | 🛑 Application shutdown
2026-03-31 06:35:36,885 | INFO | app.main | 🛑 Application shutdown
2026-03-31 06:35:37,006 | INFO | app.main | 🛑 Application shutdown
2026-03-31 06:35:54,697 | INFO | app.main | 🚀 Starting Petroleum Data API v1.0.0
2026-03-31 06:35:54,726 | INFO | app.database.session | Database tables initialized
2026-03-31 06:35:54,896 | INFO | app.main | 🚀 Starting Petroleum Data API v1.0.0
2026-03-31 06:35:54,925 | INFO | app.main | 🚀 Starting Petroleum Data API v1.0.0
2026-03-31 06:35:54,926 | INFO | app.database.session | Database tables initialized
2026-03-31 06:35:54,932 | INFO | app.main | 🚀 Starting Petroleum Data API v1.0.0
2026-03-31 06:35:54,958 | INFO | app.database.session | Database tables initialized
2026-03-31 06:35:54,959 | INFO | app.database.session | Database tables initialized
2026-03-31 06:35:55,107 | INFO | app.main | 🚀 Starting Petroleum Data API v1.0.0
2026-03-31 06:35:55,125 | INFO | app.database.session | Database tables initialized
2026-03-31 06:35:55,182 | INFO | app.main | 🚀 Starting Petroleum Data API v1.0.0
2026-03-31 06:35:55,220 | INFO | app.main | 🚀 Starting Petroleum Data API v1.0.0
2026-03-31 06:35:55,224 | INFO | app.database.session | Database tables initialized
2026-03-31 06:35:55,240 | INFO | app.database.session | Database tables initialized
2026-03-31 06:35:55,453 | INFO | app.main | 🚀 Starting Petroleum Data API v1.0.0
2026-03-31 06:35:55,465 | INFO | app.database.session | Database tables initialized
2026-03-31 06:35:55,582 | INFO | app.main | 🚀 Starting Petroleum Data API v1.0.0
2026-03-31 06:35:55,605 | INFO | app.database.session | Database tables initialized
2026-03-31 06:35:55,632 | INFO | app.main | 🚀 Starting Petroleum Data API v1.0.0
2026-03-31 06:35:55,652 | INFO | app.database.session | Database tables initialized
2026-03-31 06:35:55,864 | INFO | app.main | 🚀 Starting Petroleum Data API v1.0.0
2026-03-31 06:35:55,925 | INFO | app.database.session | Database tables initialized
2026-03-31 06:35:56,573 | INFO | app.main | 🚀 Starting Petroleum Data API v1.0.0
2026-03-31 06:35:56,591 | INFO | app.database.session | Database tables initialized
2026-03-31 06:38:50,926 | INFO | app.main | 🛑 Application shutdown
2026-03-31 06:38:50,935 | INFO | app.main | 🛑 Application shutdown
2026-03-31 06:38:50,935 | INFO | app.main | 🛑 Application shutdown
2026-03-31 06:38:50,935 | INFO | app.main | 🛑 Application shutdown
2026-03-31 06:38:50,936 | INFO | app.main | 🛑 Application shutdown
2026-03-31 06:38:50,935 | INFO | app.main | 🛑 Application shutdown
2026-03-31 06:38:51,036 | INFO | app.main | 🛑 Application shutdown
2026-03-31 06:38:51,036 | INFO | app.main | 🛑 Application shutdown
2026-03-31 06:38:52,117 | INFO | app.main | 🛑 Application shutdown
2026-03-31 06:38:52,719 | INFO | app.main | 🛑 Application shutdown
2026-03-31 06:38:52,861 | INFO | app.main | 🛑 Application shutdown
2026-03-31 06:39:15,417 | INFO | app.main | 🚀 Starting Petroleum Data API v1.0.0
2026-03-31 06:39:15,535 | INFO | app.database.session | Database tables initialized
2026-03-31 06:39:15,993 | INFO | app.main | 🚀 Starting Petroleum Data API v1.0.0
2026-03-31 06:39:16,052 | INFO | app.database.session | Database tables initialized
2026-03-31 06:39:16,778 | INFO | app.main | 🚀 Starting Petroleum Data API v1.0.0
2026-03-31 06:39:16,820 | INFO | app.database.session | Database tables initialized
2026-03-31 06:39:17,099 | INFO | app.main | 🚀 Starting Petroleum Data API v1.0.0
2026-03-31 06:39:17,162 | INFO | app.database.session | Database tables initialized
2026-03-31 06:39:17,416 | INFO | app.main | 🚀 Starting Petroleum Data API v1.0.0
2026-03-31 06:39:17,468 | INFO | app.main | 🚀 Starting Petroleum Data API v1.0.0
2026-03-31 06:39:17,482 | INFO | app.database.session | Database tables initialized
2026-03-31 06:39:17,516 | INFO | app.database.session | Database tables initialized
2026-03-31 06:39:17,758 | INFO | app.main | 🚀 Starting Petroleum Data API v1.0.0
2026-03-31 06:39:17,800 | INFO | app.database.session | Database tables initialized
2026-03-31 06:39:17,835 | INFO | app.main | 🚀 Starting Petroleum Data API v1.0.0
2026-03-31 06:39:17,845 | INFO | app.main | 🚀 Starting Petroleum Data API v1.0.0
2026-03-31 06:39:17,870 | INFO | app.database.session | Database tables initialized
2026-03-31 06:39:17,884 | INFO | app.database.session | Database tables initialized
2026-03-31 06:39:18,033 | INFO | app.main | 🚀 Starting Petroleum Data API v1.0.0
2026-03-31 06:39:18,096 | INFO | app.main | 🚀 Starting Petroleum Data API v1.0.0
2026-03-31 06:39:18,133 | INFO | app.database.session | Database tables initialized
2026-03-31 06:39:18,192 | INFO | app.database.session | Database tables initialized
2026-03-31 06:39:18,381 | INFO | app.main | 🚀 Starting Petroleum Data API v1.0.0
2026-03-31 06:39:18,414 | INFO | app.database.session | Database tables initialized
2026-03-31 06:50:48,204 | INFO | app.main | 🛑 Application shutdown
2026-03-31 06:50:48,260 | INFO | app.main | 🛑 Application shutdown
2026-03-31 06:50:48,301 | INFO | app.main | 🛑 Application shutdown
2026-03-31 06:50:48,351 | INFO | app.main | 🛑 Application shutdown
2026-03-31 06:50:48,372 | INFO | app.main | 🛑 Application shutdown
2026-03-31 06:50:48,447 | INFO | app.main | 🛑 Application shutdown
2026-03-31 06:50:48,482 | INFO | app.main | 🛑 Application shutdown
2026-03-31 06:50:48,482 | INFO | app.main | 🛑 Application shutdown
2026-03-31 06:50:48,530 | INFO | app.main | 🛑 Application shutdown
2026-03-31 06:50:48,707 | INFO | app.main | 🛑 Application shutdown
2026-03-31 06:50:49,121 | INFO | app.main | 🛑 Application shutdown
2026-03-31 06:50:49,593 | INFO | app.main | 🛑 Application shutdown
2026-04-05 11:42:14,399 | INFO | app.main | 🚀 Starting Petroleum Data API v1.0.0
2026-04-05 11:42:14,413 | INFO | app.database.session | Database tables initialized
2026-04-05 11:42:19,783 | INFO | app.main | 🚀 Starting Petroleum Data API v1.0.0
2026-04-05 11:42:19,787 | INFO | app.database.session | Database tables initialized
2026-04-05 11:42:24,733 | INFO | app.main | 🚀 Starting Petroleum Data API v1.0.0
2026-04-05 11:42:24,735 | INFO | app.database.session | Database tables initialized
2026-04-05 11:42:51,253 | INFO | app.main | 🛑 Application shutdown
2026-04-05 11:42:51,816 | INFO | app.main | 🚀 Starting Petroleum Data API v1.0.0
2026-04-05 11:42:51,834 | INFO | app.database.session | Database tables initialized
2026-04-05 11:43:02,198 | INFO | app.main | 🚀 Starting Petroleum Data API v1.0.0
2026-04-05 11:43:02,238 | INFO | app.database.session | Database tables initialized
2026-04-05 11:43:06,427 | INFO | app.main | 🚀 Starting Petroleum Data API v1.0.0
2026-04-05 11:43:06,440 | INFO | app.database.session | Database tables initialized
2026-04-05 11:43:12,035 | INFO | app.main | 🚀 Starting Petroleum Data API v1.0.0
2026-04-05 11:43:12,046 | INFO | app.database.session | Database tables initialized
2026-04-05 11:43:15,958 | INFO | app.main | 🚀 Starting Petroleum Data API v1.0.0
2026-04-05 11:43:15,963 | INFO | app.database.session | Database tables initialized
2026-04-05 11:43:20,746 | INFO | app.main | 🚀 Starting Petroleum Data API v1.0.0
2026-04-05 11:43:20,768 | INFO | app.database.session | Database tables initialized
2026-04-05 11:43:24,303 | INFO | app.main | 🚀 Starting Petroleum Data API v1.0.0
2026-04-05 11:43:24,322 | INFO | app.database.session | Database tables initialized
2026-04-05 11:43:45,945 | INFO | app.main | 🚀 Starting Petroleum Data API v1.0.0
2026-04-05 11:43:45,947 | INFO | app.database.session | Database tables initialized
2026-04-12 10:38:52,863 | INFO | app.main | 🚀 Starting Petroleum Data API v1.0.0
2026-04-12 10:38:52,885 | INFO | app.database.session | Database tables initialized
2026-04-12 10:48:13,984 | WARNING | passlib.handlers.bcrypt | (trapped) error reading bcrypt version
Traceback (most recent call last):
  File "C:\Users\HP\AppData\Local\Python\pythoncore-3.14-64\Lib\site-packages\passlib\handlers\bcrypt.py", line 620, in _load_backend_mixin
    version = _bcrypt.__about__.__version__
              ^^^^^^^^^^^^^^^^^
AttributeError: module 'bcrypt' has no attribute '__about__'
2026-04-12 10:48:14,116 | ERROR | app.main | Unhandled exception: password cannot be longer than 72 bytes, truncate manually if necessary (e.g. my_password[:72])
Traceback (most recent call last):
  File "C:\Users\HP\AppData\Local\Python\pythoncore-3.14-64\Lib\site-packages\starlette\middleware\errors.py", line 164, in __call__
    await self.app(scope, receive, _send)
  File "C:\Users\HP\AppData\Local\Python\pythoncore-3.14-64\Lib\site-packages\starlette\middleware\cors.py", line 95, in __call__
    await self.simple_response(scope, receive, send, request_headers=headers)
  File "C:\Users\HP\AppData\Local\Python\pythoncore-3.14-64\Lib\site-packages\starlette\middleware\cors.py", line 153, in simple_response
    await self.app(scope, receive, send)
  File "C:\Users\HP\AppData\Local\Python\pythoncore-3.14-64\Lib\site-packages\starlette\middleware\exceptions.py", line 63, in __call__
    await wrap_app_handling_exceptions(self.app, conn)(scope, receive, send)
  File "C:\Users\HP\AppData\Local\Python\pythoncore-3.14-64\Lib\site-packages\starlette\_exception_handler.py", line 53, in wrapped_app
    raise exc
  File "C:\Users\HP\AppData\Local\Python\pythoncore-3.14-64\Lib\site-packages\starlette\_exception_handler.py", line 42, in wrapped_app
    await app(scope, receive, sender)
  File "C:\Users\HP\AppData\Local\Python\pythoncore-3.14-64\Lib\site-packages\fastapi\middleware\asyncexitstack.py", line 18, in __call__
    await self.app(scope, receive, send)
  File "C:\Users\HP\AppData\Local\Python\pythoncore-3.14-64\Lib\site-packages\starlette\routing.py", line 716, in __call__
    await self.middleware_stack(scope, receive, send)
  File "C:\Users\HP\AppData\Local\Python\pythoncore-3.14-64\Lib\site-packages\starlette\routing.py", line 736, in app
    await route.handle(scope, receive, send)
  File "C:\Users\HP\AppData\Local\Python\pythoncore-3.14-64\Lib\site-packages\starlette\routing.py", line 290, in handle
    await self.app(scope, receive, send)
  File "C:\Users\HP\AppData\Local\Python\pythoncore-3.14-64\Lib\site-packages\fastapi\routing.py", line 130, in app
    await wrap_app_handling_exceptions(app, request)(scope, receive, send)
  File "C:\Users\HP\AppData\Local\Python\pythoncore-3.14-64\Lib\site-packages\starlette\_exception_handler.py", line 53, in wrapped_app
    raise exc
  File "C:\Users\HP\AppData\Local\Python\pythoncore-3.14-64\Lib\site-packages\starlette\_exception_handler.py", line 42, in wrapped_app
    await app(scope, receive, sender)
  File "C:\Users\HP\AppData\Local\Python\pythoncore-3.14-64\Lib\site-packages\fastapi\routing.py", line 116, in app
    response = await f(request)
               ^^^^^^^^^^^^^^^^
  File "C:\Users\HP\AppData\Local\Python\pythoncore-3.14-64\Lib\site-packages\fastapi\routing.py", line 670, in app
    raw_response = await run_endpoint_function(
                   ^^^^^^^^^^^^^^^^^^^^^^^^^^^^
    ...<3 lines>...
    )
    ^
  File "C:\Users\HP\AppData\Local\Python\pythoncore-3.14-64\Lib\site-packages\fastapi\routing.py", line 326, in run_endpoint_function
    return await run_in_threadpool(dependant.call, **values)
           ^^^^^^^^^^^^^^^^^^^^^^^^^^^^^^^^^^^^^^^^^^^^^^^^^
  File "C:\Users\HP\AppData\Local\Python\pythoncore-3.14-64\Lib\site-packages\starlette\concurrency.py", line 32, in run_in_threadpool
    return await anyio.to_thread.run_sync(func)
           ^^^^^^^^^^^^^^^^^^^^^^^^^^^^^^^^^^^^
  File "C:\Users\HP\AppData\Local\Python\pythoncore-3.14-64\Lib\site-packages\anyio\to_thread.py", line 63, in run_sync
    return await get_async_backend().run_sync_in_worker_thread(
           ^^^^^^^^^^^^^^^^^^^^^^^^^^^^^^^^^^^^^^^^^^^^^^^^^^^^
        func, args, abandon_on_cancel=abandon_on_cancel, limiter=limiter
        ^^^^^^^^^^^^^^^^^^^^^^^^^^^^^^^^^^^^^^^^^^^^^^^^^^^^^^^^^^^^^^^^
    )
    ^
  File "C:\Users\HP\AppData\Local\Python\pythoncore-3.14-64\Lib\site-packages\anyio\_backends\_asyncio.py", line 2502, in run_sync_in_worker_thread
    return await future
           ^^^^^^^^^^^^
  File "C:\Users\HP\AppData\Local\Python\pythoncore-3.14-64\Lib\site-packages\anyio\_backends\_asyncio.py", line 986, in run
    result = context.run(func, *args)
  File "C:\Users\HP\Desktop\backend_pfe\app\routes\auth.py", line 31, in register
    hashed_password=hash_password(user_data.password),
                    ~~~~~~~~~~~~~^^^^^^^^^^^^^^^^^^^^
  File "C:\Users\HP\Desktop\backend_pfe\app\auth\jwt.py", line 22, in hash_password
    return pwd_context.hash(password)
           ~~~~~~~~~~~~~~~~^^^^^^^^^^
  File "C:\Users\HP\AppData\Local\Python\pythoncore-3.14-64\Lib\site-packages\passlib\context.py", line 2258, in hash
    return record.hash(secret, **kwds)
           ~~~~~~~~~~~^^^^^^^^^^^^^^^^
  File "C:\Users\HP\AppData\Local\Python\pythoncore-3.14-64\Lib\site-packages\passlib\utils\handlers.py", line 779, in hash
    self.checksum = self._calc_checksum(secret)
                    ~~~~~~~~~~~~~~~~~~~^^^^^^^^
  File "C:\Users\HP\AppData\Local\Python\pythoncore-3.14-64\Lib\site-packages\passlib\handlers\bcrypt.py", line 591, in _calc_checksum
    self._stub_requires_backend()
    ~~~~~~~~~~~~~~~~~~~~~~~~~~~^^
  File "C:\Users\HP\AppData\Local\Python\pythoncore-3.14-64\Lib\site-packages\passlib\utils\handlers.py", line 2254, in _stub_requires_backend
    cls.set_backend()
    ~~~~~~~~~~~~~~~^^
  File "C:\Users\HP\AppData\Local\Python\pythoncore-3.14-64\Lib\site-packages\passlib\utils\handlers.py", line 2156, in set_backend
    return owner.set_backend(name, dryrun=dryrun)
           ~~~~~~~~~~~~~~~~~^^^^^^^^^^^^^^^^^^^^^
  File "C:\Users\HP\AppData\Local\Python\pythoncore-3.14-64\Lib\site-packages\passlib\utils\handlers.py", line 2163, in set_backend
    return cls.set_backend(name, dryrun=dryrun)
           ~~~~~~~~~~~~~~~^^^^^^^^^^^^^^^^^^^^^
  File "C:\Users\HP\AppData\Local\Python\pythoncore-3.14-64\Lib\site-packages\passlib\utils\handlers.py", line 2188, in set_backend
    cls._set_backend(name, dryrun)
    ~~~~~~~~~~~~~~~~^^^^^^^^^^^^^^
  File "C:\Users\HP\AppData\Local\Python\pythoncore-3.14-64\Lib\site-packages\passlib\utils\handlers.py", line 2311, in _set_backend
    super(SubclassBackendMixin, cls)._set_backend(name, dryrun)
    ~~~~~~~~~~~~~~~~~~~~~~~~~~~~~~~~~~~~~~~~~~~~~^^^^^^^^^^^^^^
  File "C:\Users\HP\AppData\Local\Python\pythoncore-3.14-64\Lib\site-packages\passlib\utils\handlers.py", line 2224, in _set_backend
    ok = loader(**kwds)
  File "C:\Users\HP\AppData\Local\Python\pythoncore-3.14-64\Lib\site-packages\passlib\handlers\bcrypt.py", line 626, in _load_backend_mixin
    return mixin_cls._finalize_backend_mixin(name, dryrun)
           ~~~~~~~~~~~~~~~~~~~~~~~~~~~~~~~~~^^^^^^^^^^^^^^
  File "C:\Users\HP\AppData\Local\Python\pythoncore-3.14-64\Lib\site-packages\passlib\handlers\bcrypt.py", line 421, in _finalize_backend_mixin
    if detect_wrap_bug(IDENT_2A):
       ~~~~~~~~~~~~~~~^^^^^^^^^^
  File "C:\Users\HP\AppData\Local\Python\pythoncore-3.14-64\Lib\site-packages\passlib\handlers\bcrypt.py", line 380, in detect_wrap_bug
    if verify(secret, bug_hash):
       ~~~~~~^^^^^^^^^^^^^^^^^^
  File "C:\Users\HP\AppData\Local\Python\pythoncore-3.14-64\Lib\site-packages\passlib\utils\handlers.py", line 792, in verify
    return consteq(self._calc_checksum(secret), chk)
                   ~~~~~~~~~~~~~~~~~~~^^^^^^^^
  File "C:\Users\HP\AppData\Local\Python\pythoncore-3.14-64\Lib\site-packages\passlib\handlers\bcrypt.py", line 655, in _calc_checksum
    hash = _bcrypt.hashpw(secret, config)
ValueError: password cannot be longer than 72 bytes, truncate manually if necessary (e.g. my_password[:72])
2026-04-12 10:48:27,937 | WARNING | passlib.handlers.bcrypt | (trapped) error reading bcrypt version
Traceback (most recent call last):
  File "C:\Users\HP\AppData\Local\Python\pythoncore-3.14-64\Lib\site-packages\passlib\handlers\bcrypt.py", line 620, in _load_backend_mixin
    version = _bcrypt.__about__.__version__
              ^^^^^^^^^^^^^^^^^
AttributeError: module 'bcrypt' has no attribute '__about__'
2026-04-12 10:48:27,954 | ERROR | app.main | Unhandled exception: password cannot be longer than 72 bytes, truncate manually if necessary (e.g. my_password[:72])
Traceback (most recent call last):
  File "C:\Users\HP\AppData\Local\Python\pythoncore-3.14-64\Lib\site-packages\starlette\middleware\errors.py", line 164, in __call__
    await self.app(scope, receive, _send)
  File "C:\Users\HP\AppData\Local\Python\pythoncore-3.14-64\Lib\site-packages\starlette\middleware\cors.py", line 95, in __call__
    await self.simple_response(scope, receive, send, request_headers=headers)
  File "C:\Users\HP\AppData\Local\Python\pythoncore-3.14-64\Lib\site-packages\starlette\middleware\cors.py", line 153, in simple_response
    await self.app(scope, receive, send)
  File "C:\Users\HP\AppData\Local\Python\pythoncore-3.14-64\Lib\site-packages\starlette\middleware\exceptions.py", line 63, in __call__
    await wrap_app_handling_exceptions(self.app, conn)(scope, receive, send)
  File "C:\Users\HP\AppData\Local\Python\pythoncore-3.14-64\Lib\site-packages\starlette\_exception_handler.py", line 53, in wrapped_app
    raise exc
  File "C:\Users\HP\AppData\Local\Python\pythoncore-3.14-64\Lib\site-packages\starlette\_exception_handler.py", line 42, in wrapped_app
    await app(scope, receive, sender)
  File "C:\Users\HP\AppData\Local\Python\pythoncore-3.14-64\Lib\site-packages\fastapi\middleware\asyncexitstack.py", line 18, in __call__
    await self.app(scope, receive, send)
  File "C:\Users\HP\AppData\Local\Python\pythoncore-3.14-64\Lib\site-packages\starlette\routing.py", line 716, in __call__
    await self.middleware_stack(scope, receive, send)
  File "C:\Users\HP\AppData\Local\Python\pythoncore-3.14-64\Lib\site-packages\starlette\routing.py", line 736, in app
    await route.handle(scope, receive, send)
  File "C:\Users\HP\AppData\Local\Python\pythoncore-3.14-64\Lib\site-packages\starlette\routing.py", line 290, in handle
    await self.app(scope, receive, send)
  File "C:\Users\HP\AppData\Local\Python\pythoncore-3.14-64\Lib\site-packages\fastapi\routing.py", line 130, in app
    await wrap_app_handling_exceptions(app, request)(scope, receive, send)
  File "C:\Users\HP\AppData\Local\Python\pythoncore-3.14-64\Lib\site-packages\starlette\_exception_handler.py", line 53, in wrapped_app
    raise exc
  File "C:\Users\HP\AppData\Local\Python\pythoncore-3.14-64\Lib\site-packages\starlette\_exception_handler.py", line 42, in wrapped_app
    await app(scope, receive, sender)
  File "C:\Users\HP\AppData\Local\Python\pythoncore-3.14-64\Lib\site-packages\fastapi\routing.py", line 116, in app
    response = await f(request)
               ^^^^^^^^^^^^^^^^
  File "C:\Users\HP\AppData\Local\Python\pythoncore-3.14-64\Lib\site-packages\fastapi\routing.py", line 670, in app
    raw_response = await run_endpoint_function(
                   ^^^^^^^^^^^^^^^^^^^^^^^^^^^^
    ...<3 lines>...
    )
    ^
  File "C:\Users\HP\AppData\Local\Python\pythoncore-3.14-64\Lib\site-packages\fastapi\routing.py", line 326, in run_endpoint_function
    return await run_in_threadpool(dependant.call, **values)
           ^^^^^^^^^^^^^^^^^^^^^^^^^^^^^^^^^^^^^^^^^^^^^^^^^
  File "C:\Users\HP\AppData\Local\Python\pythoncore-3.14-64\Lib\site-packages\starlette\concurrency.py", line 32, in run_in_threadpool
    return await anyio.to_thread.run_sync(func)
           ^^^^^^^^^^^^^^^^^^^^^^^^^^^^^^^^^^^^
  File "C:\Users\HP\AppData\Local\Python\pythoncore-3.14-64\Lib\site-packages\anyio\to_thread.py", line 63, in run_sync
    return await get_async_backend().run_sync_in_worker_thread(
           ^^^^^^^^^^^^^^^^^^^^^^^^^^^^^^^^^^^^^^^^^^^^^^^^^^^^
        func, args, abandon_on_cancel=abandon_on_cancel, limiter=limiter
        ^^^^^^^^^^^^^^^^^^^^^^^^^^^^^^^^^^^^^^^^^^^^^^^^^^^^^^^^^^^^^^^^
    )
    ^
  File "C:\Users\HP\AppData\Local\Python\pythoncore-3.14-64\Lib\site-packages\anyio\_backends\_asyncio.py", line 2502, in run_sync_in_worker_thread
    return await future
           ^^^^^^^^^^^^
  File "C:\Users\HP\AppData\Local\Python\pythoncore-3.14-64\Lib\site-packages\anyio\_backends\_asyncio.py", line 986, in run
    result = context.run(func, *args)
  File "C:\Users\HP\Desktop\backend_pfe\app\routes\auth.py", line 31, in register
    hashed_password=hash_password(user_data.password),
                    ~~~~~~~~~~~~~^^^^^^^^^^^^^^^^^^^^
  File "C:\Users\HP\Desktop\backend_pfe\app\auth\jwt.py", line 22, in hash_password
    return pwd_context.hash(password)
           ~~~~~~~~~~~~~~~~^^^^^^^^^^
  File "C:\Users\HP\AppData\Local\Python\pythoncore-3.14-64\Lib\site-packages\passlib\context.py", line 2258, in hash
    return record.hash(secret, **kwds)
           ~~~~~~~~~~~^^^^^^^^^^^^^^^^
  File "C:\Users\HP\AppData\Local\Python\pythoncore-3.14-64\Lib\site-packages\passlib\utils\handlers.py", line 779, in hash
    self.checksum = self._calc_checksum(secret)
                    ~~~~~~~~~~~~~~~~~~~^^^^^^^^
  File "C:\Users\HP\AppData\Local\Python\pythoncore-3.14-64\Lib\site-packages\passlib\handlers\bcrypt.py", line 591, in _calc_checksum
    self._stub_requires_backend()
    ~~~~~~~~~~~~~~~~~~~~~~~~~~~^^
  File "C:\Users\HP\AppData\Local\Python\pythoncore-3.14-64\Lib\site-packages\passlib\utils\handlers.py", line 2254, in _stub_requires_backend
    cls.set_backend()
    ~~~~~~~~~~~~~~~^^
  File "C:\Users\HP\AppData\Local\Python\pythoncore-3.14-64\Lib\site-packages\passlib\utils\handlers.py", line 2156, in set_backend
    return owner.set_backend(name, dryrun=dryrun)
           ~~~~~~~~~~~~~~~~~^^^^^^^^^^^^^^^^^^^^^
  File "C:\Users\HP\AppData\Local\Python\pythoncore-3.14-64\Lib\site-packages\passlib\utils\handlers.py", line 2163, in set_backend
    return cls.set_backend(name, dryrun=dryrun)
           ~~~~~~~~~~~~~~~^^^^^^^^^^^^^^^^^^^^^
  File "C:\Users\HP\AppData\Local\Python\pythoncore-3.14-64\Lib\site-packages\passlib\utils\handlers.py", line 2188, in set_backend
    cls._set_backend(name, dryrun)
    ~~~~~~~~~~~~~~~~^^^^^^^^^^^^^^
  File "C:\Users\HP\AppData\Local\Python\pythoncore-3.14-64\Lib\site-packages\passlib\utils\handlers.py", line 2311, in _set_backend
    super(SubclassBackendMixin, cls)._set_backend(name, dryrun)
    ~~~~~~~~~~~~~~~~~~~~~~~~~~~~~~~~~~~~~~~~~~~~~^^^^^^^^^^^^^^
  File "C:\Users\HP\AppData\Local\Python\pythoncore-3.14-64\Lib\site-packages\passlib\utils\handlers.py", line 2224, in _set_backend
    ok = loader(**kwds)
  File "C:\Users\HP\AppData\Local\Python\pythoncore-3.14-64\Lib\site-packages\passlib\handlers\bcrypt.py", line 626, in _load_backend_mixin
    return mixin_cls._finalize_backend_mixin(name, dryrun)
           ~~~~~~~~~~~~~~~~~~~~~~~~~~~~~~~~~^^^^^^^^^^^^^^
  File "C:\Users\HP\AppData\Local\Python\pythoncore-3.14-64\Lib\site-packages\passlib\handlers\bcrypt.py", line 421, in _finalize_backend_mixin
    if detect_wrap_bug(IDENT_2A):
       ~~~~~~~~~~~~~~~^^^^^^^^^^
  File "C:\Users\HP\AppData\Local\Python\pythoncore-3.14-64\Lib\site-packages\passlib\handlers\bcrypt.py", line 380, in detect_wrap_bug
    if verify(secret, bug_hash):
       ~~~~~~^^^^^^^^^^^^^^^^^^
  File "C:\Users\HP\AppData\Local\Python\pythoncore-3.14-64\Lib\site-packages\passlib\utils\handlers.py", line 792, in verify
    return consteq(self._calc_checksum(secret), chk)
                   ~~~~~~~~~~~~~~~~~~~^^^^^^^^
  File "C:\Users\HP\AppData\Local\Python\pythoncore-3.14-64\Lib\site-packages\passlib\handlers\bcrypt.py", line 655, in _calc_checksum
    hash = _bcrypt.hashpw(secret, config)
ValueError: password cannot be longer than 72 bytes, truncate manually if necessary (e.g. my_password[:72])
2026-04-12 10:52:05,884 | INFO | app.main | 🛑 Application shutdown
2026-04-12 10:52:15,323 | INFO | app.main | 🚀 Starting Petroleum Data API v1.0.0
2026-04-12 10:52:15,333 | INFO | app.database.session | Database tables initialized
2026-04-12 10:53:17,647 | INFO | app.main | 🚀 Starting Petroleum Data API v1.0.0
2026-04-12 10:53:17,666 | INFO | app.database.session | Database tables initialized
2026-04-12 10:56:38,015 | WARNING | passlib.handlers.bcrypt | (trapped) error reading bcrypt version
Traceback (most recent call last):
  File "C:\Users\HP\AppData\Local\Python\pythoncore-3.14-64\Lib\site-packages\passlib\handlers\bcrypt.py", line 620, in _load_backend_mixin
    version = _bcrypt.__about__.__version__
              ^^^^^^^^^^^^^^^^^
AttributeError: module 'bcrypt' has no attribute '__about__'
2026-04-12 10:56:38,033 | ERROR | app.main | Unhandled exception: password cannot be longer than 72 bytes, truncate manually if necessary (e.g. my_password[:72])
Traceback (most recent call last):
  File "C:\Users\HP\AppData\Local\Python\pythoncore-3.14-64\Lib\site-packages\starlette\middleware\errors.py", line 164, in __call__
    await self.app(scope, receive, _send)
  File "C:\Users\HP\AppData\Local\Python\pythoncore-3.14-64\Lib\site-packages\starlette\middleware\cors.py", line 95, in __call__
    await self.simple_response(scope, receive, send, request_headers=headers)
  File "C:\Users\HP\AppData\Local\Python\pythoncore-3.14-64\Lib\site-packages\starlette\middleware\cors.py", line 153, in simple_response
    await self.app(scope, receive, send)
  File "C:\Users\HP\AppData\Local\Python\pythoncore-3.14-64\Lib\site-packages\starlette\middleware\exceptions.py", line 63, in __call__
    await wrap_app_handling_exceptions(self.app, conn)(scope, receive, send)
  File "C:\Users\HP\AppData\Local\Python\pythoncore-3.14-64\Lib\site-packages\starlette\_exception_handler.py", line 53, in wrapped_app
    raise exc
  File "C:\Users\HP\AppData\Local\Python\pythoncore-3.14-64\Lib\site-packages\starlette\_exception_handler.py", line 42, in wrapped_app
    await app(scope, receive, sender)
  File "C:\Users\HP\AppData\Local\Python\pythoncore-3.14-64\Lib\site-packages\fastapi\middleware\asyncexitstack.py", line 18, in __call__
    await self.app(scope, receive, send)
  File "C:\Users\HP\AppData\Local\Python\pythoncore-3.14-64\Lib\site-packages\starlette\routing.py", line 716, in __call__
    await self.middleware_stack(scope, receive, send)
  File "C:\Users\HP\AppData\Local\Python\pythoncore-3.14-64\Lib\site-packages\starlette\routing.py", line 736, in app
    await route.handle(scope, receive, send)
  File "C:\Users\HP\AppData\Local\Python\pythoncore-3.14-64\Lib\site-packages\starlette\routing.py", line 290, in handle
    await self.app(scope, receive, send)
  File "C:\Users\HP\AppData\Local\Python\pythoncore-3.14-64\Lib\site-packages\fastapi\routing.py", line 130, in app
    await wrap_app_handling_exceptions(app, request)(scope, receive, send)
  File "C:\Users\HP\AppData\Local\Python\pythoncore-3.14-64\Lib\site-packages\starlette\_exception_handler.py", line 53, in wrapped_app
    raise exc
  File "C:\Users\HP\AppData\Local\Python\pythoncore-3.14-64\Lib\site-packages\starlette\_exception_handler.py", line 42, in wrapped_app
    await app(scope, receive, sender)
  File "C:\Users\HP\AppData\Local\Python\pythoncore-3.14-64\Lib\site-packages\fastapi\routing.py", line 116, in app
    response = await f(request)
               ^^^^^^^^^^^^^^^^
  File "C:\Users\HP\AppData\Local\Python\pythoncore-3.14-64\Lib\site-packages\fastapi\routing.py", line 670, in app
    raw_response = await run_endpoint_function(
                   ^^^^^^^^^^^^^^^^^^^^^^^^^^^^
    ...<3 lines>...
    )
    ^
  File "C:\Users\HP\AppData\Local\Python\pythoncore-3.14-64\Lib\site-packages\fastapi\routing.py", line 326, in run_endpoint_function
    return await run_in_threadpool(dependant.call, **values)
           ^^^^^^^^^^^^^^^^^^^^^^^^^^^^^^^^^^^^^^^^^^^^^^^^^
  File "C:\Users\HP\AppData\Local\Python\pythoncore-3.14-64\Lib\site-packages\starlette\concurrency.py", line 32, in run_in_threadpool
    return await anyio.to_thread.run_sync(func)
           ^^^^^^^^^^^^^^^^^^^^^^^^^^^^^^^^^^^^
  File "C:\Users\HP\AppData\Local\Python\pythoncore-3.14-64\Lib\site-packages\anyio\to_thread.py", line 63, in run_sync
    return await get_async_backend().run_sync_in_worker_thread(
           ^^^^^^^^^^^^^^^^^^^^^^^^^^^^^^^^^^^^^^^^^^^^^^^^^^^^
        func, args, abandon_on_cancel=abandon_on_cancel, limiter=limiter
        ^^^^^^^^^^^^^^^^^^^^^^^^^^^^^^^^^^^^^^^^^^^^^^^^^^^^^^^^^^^^^^^^
    )
    ^
  File "C:\Users\HP\AppData\Local\Python\pythoncore-3.14-64\Lib\site-packages\anyio\_backends\_asyncio.py", line 2502, in run_sync_in_worker_thread
    return await future
           ^^^^^^^^^^^^
  File "C:\Users\HP\AppData\Local\Python\pythoncore-3.14-64\Lib\site-packages\anyio\_backends\_asyncio.py", line 986, in run
    result = context.run(func, *args)
  File "C:\Users\HP\Desktop\backend_pfe\app\routes\auth.py", line 31, in register
    hashed_password=hash_password(user_data.password),
                    ~~~~~~~~~~~~~^^^^^^^^^^^^^^^^^^^^
  File "C:\Users\HP\Desktop\backend_pfe\app\auth\jwt.py", line 22, in hash_password
    return pwd_context.hash(password)
           ~~~~~~~~~~~~~~~~^^^^^^^^^^
  File "C:\Users\HP\AppData\Local\Python\pythoncore-3.14-64\Lib\site-packages\passlib\context.py", line 2258, in hash
    return record.hash(secret, **kwds)
           ~~~~~~~~~~~^^^^^^^^^^^^^^^^
  File "C:\Users\HP\AppData\Local\Python\pythoncore-3.14-64\Lib\site-packages\passlib\utils\handlers.py", line 779, in hash
    self.checksum = self._calc_checksum(secret)
                    ~~~~~~~~~~~~~~~~~~~^^^^^^^^
  File "C:\Users\HP\AppData\Local\Python\pythoncore-3.14-64\Lib\site-packages\passlib\handlers\bcrypt.py", line 591, in _calc_checksum
    self._stub_requires_backend()
    ~~~~~~~~~~~~~~~~~~~~~~~~~~~^^
  File "C:\Users\HP\AppData\Local\Python\pythoncore-3.14-64\Lib\site-packages\passlib\utils\handlers.py", line 2254, in _stub_requires_backend
    cls.set_backend()
    ~~~~~~~~~~~~~~~^^
  File "C:\Users\HP\AppData\Local\Python\pythoncore-3.14-64\Lib\site-packages\passlib\utils\handlers.py", line 2156, in set_backend
    return owner.set_backend(name, dryrun=dryrun)
           ~~~~~~~~~~~~~~~~~^^^^^^^^^^^^^^^^^^^^^
  File "C:\Users\HP\AppData\Local\Python\pythoncore-3.14-64\Lib\site-packages\passlib\utils\handlers.py", line 2163, in set_backend
    return cls.set_backend(name, dryrun=dryrun)
           ~~~~~~~~~~~~~~~^^^^^^^^^^^^^^^^^^^^^
  File "C:\Users\HP\AppData\Local\Python\pythoncore-3.14-64\Lib\site-packages\passlib\utils\handlers.py", line 2188, in set_backend
    cls._set_backend(name, dryrun)
    ~~~~~~~~~~~~~~~~^^^^^^^^^^^^^^
  File "C:\Users\HP\AppData\Local\Python\pythoncore-3.14-64\Lib\site-packages\passlib\utils\handlers.py", line 2311, in _set_backend
    super(SubclassBackendMixin, cls)._set_backend(name, dryrun)
    ~~~~~~~~~~~~~~~~~~~~~~~~~~~~~~~~~~~~~~~~~~~~~^^^^^^^^^^^^^^
  File "C:\Users\HP\AppData\Local\Python\pythoncore-3.14-64\Lib\site-packages\passlib\utils\handlers.py", line 2224, in _set_backend
    ok = loader(**kwds)
  File "C:\Users\HP\AppData\Local\Python\pythoncore-3.14-64\Lib\site-packages\passlib\handlers\bcrypt.py", line 626, in _load_backend_mixin
    return mixin_cls._finalize_backend_mixin(name, dryrun)
           ~~~~~~~~~~~~~~~~~~~~~~~~~~~~~~~~~^^^^^^^^^^^^^^
  File "C:\Users\HP\AppData\Local\Python\pythoncore-3.14-64\Lib\site-packages\passlib\handlers\bcrypt.py", line 421, in _finalize_backend_mixin
    if detect_wrap_bug(IDENT_2A):
       ~~~~~~~~~~~~~~~^^^^^^^^^^
  File "C:\Users\HP\AppData\Local\Python\pythoncore-3.14-64\Lib\site-packages\passlib\handlers\bcrypt.py", line 380, in detect_wrap_bug
    if verify(secret, bug_hash):
       ~~~~~~^^^^^^^^^^^^^^^^^^
  File "C:\Users\HP\AppData\Local\Python\pythoncore-3.14-64\Lib\site-packages\passlib\utils\handlers.py", line 792, in verify
    return consteq(self._calc_checksum(secret), chk)
                   ~~~~~~~~~~~~~~~~~~~^^^^^^^^
  File "C:\Users\HP\AppData\Local\Python\pythoncore-3.14-64\Lib\site-packages\passlib\handlers\bcrypt.py", line 655, in _calc_checksum
    hash = _bcrypt.hashpw(secret, config)
ValueError: password cannot be longer than 72 bytes, truncate manually if necessary (e.g. my_password[:72])
2026-04-17 13:47:33,933 | INFO | app.main | 🚀 Starting Petroleum Data API v1.0.0
2026-04-17 13:47:33,972 | INFO | app.database.session | Database tables initialized
2026-04-17 13:54:46,996 | WARNING | passlib.handlers.bcrypt | (trapped) error reading bcrypt version
Traceback (most recent call last):
  File "C:\Users\HP\AppData\Local\Python\pythoncore-3.14-64\Lib\site-packages\passlib\handlers\bcrypt.py", line 620, in _load_backend_mixin
    version = _bcrypt.__about__.__version__
              ^^^^^^^^^^^^^^^^^
AttributeError: module 'bcrypt' has no attribute '__about__'
2026-04-17 13:54:47,049 | ERROR | app.main | Unhandled exception: password cannot be longer than 72 bytes, truncate manually if necessary (e.g. my_password[:72])
Traceback (most recent call last):
  File "C:\Users\HP\AppData\Local\Python\pythoncore-3.14-64\Lib\site-packages\starlette\middleware\errors.py", line 164, in __call__
    await self.app(scope, receive, _send)
  File "C:\Users\HP\AppData\Local\Python\pythoncore-3.14-64\Lib\site-packages\starlette\middleware\cors.py", line 95, in __call__
    await self.simple_response(scope, receive, send, request_headers=headers)
  File "C:\Users\HP\AppData\Local\Python\pythoncore-3.14-64\Lib\site-packages\starlette\middleware\cors.py", line 153, in simple_response
    await self.app(scope, receive, send)
  File "C:\Users\HP\AppData\Local\Python\pythoncore-3.14-64\Lib\site-packages\starlette\middleware\exceptions.py", line 63, in __call__
    await wrap_app_handling_exceptions(self.app, conn)(scope, receive, send)
  File "C:\Users\HP\AppData\Local\Python\pythoncore-3.14-64\Lib\site-packages\starlette\_exception_handler.py", line 53, in wrapped_app
    raise exc
  File "C:\Users\HP\AppData\Local\Python\pythoncore-3.14-64\Lib\site-packages\starlette\_exception_handler.py", line 42, in wrapped_app
    await app(scope, receive, sender)
  File "C:\Users\HP\AppData\Local\Python\pythoncore-3.14-64\Lib\site-packages\fastapi\middleware\asyncexitstack.py", line 18, in __call__
    await self.app(scope, receive, send)
  File "C:\Users\HP\AppData\Local\Python\pythoncore-3.14-64\Lib\site-packages\starlette\routing.py", line 716, in __call__
    await self.middleware_stack(scope, receive, send)
  File "C:\Users\HP\AppData\Local\Python\pythoncore-3.14-64\Lib\site-packages\starlette\routing.py", line 736, in app
    await route.handle(scope, receive, send)
  File "C:\Users\HP\AppData\Local\Python\pythoncore-3.14-64\Lib\site-packages\starlette\routing.py", line 290, in handle
    await self.app(scope, receive, send)
  File "C:\Users\HP\AppData\Local\Python\pythoncore-3.14-64\Lib\site-packages\fastapi\routing.py", line 130, in app
    await wrap_app_handling_exceptions(app, request)(scope, receive, send)
  File "C:\Users\HP\AppData\Local\Python\pythoncore-3.14-64\Lib\site-packages\starlette\_exception_handler.py", line 53, in wrapped_app
    raise exc
  File "C:\Users\HP\AppData\Local\Python\pythoncore-3.14-64\Lib\site-packages\starlette\_exception_handler.py", line 42, in wrapped_app
    await app(scope, receive, sender)
  File "C:\Users\HP\AppData\Local\Python\pythoncore-3.14-64\Lib\site-packages\fastapi\routing.py", line 116, in app
    response = await f(request)
               ^^^^^^^^^^^^^^^^
  File "C:\Users\HP\AppData\Local\Python\pythoncore-3.14-64\Lib\site-packages\fastapi\routing.py", line 670, in app
    raw_response = await run_endpoint_function(
                   ^^^^^^^^^^^^^^^^^^^^^^^^^^^^
    ...<3 lines>...
    )
    ^
  File "C:\Users\HP\AppData\Local\Python\pythoncore-3.14-64\Lib\site-packages\fastapi\routing.py", line 326, in run_endpoint_function
    return await run_in_threadpool(dependant.call, **values)
           ^^^^^^^^^^^^^^^^^^^^^^^^^^^^^^^^^^^^^^^^^^^^^^^^^
  File "C:\Users\HP\AppData\Local\Python\pythoncore-3.14-64\Lib\site-packages\starlette\concurrency.py", line 32, in run_in_threadpool
    return await anyio.to_thread.run_sync(func)
           ^^^^^^^^^^^^^^^^^^^^^^^^^^^^^^^^^^^^
  File "C:\Users\HP\AppData\Local\Python\pythoncore-3.14-64\Lib\site-packages\anyio\to_thread.py", line 63, in run_sync
    return await get_async_backend().run_sync_in_worker_thread(
           ^^^^^^^^^^^^^^^^^^^^^^^^^^^^^^^^^^^^^^^^^^^^^^^^^^^^
        func, args, abandon_on_cancel=abandon_on_cancel, limiter=limiter
        ^^^^^^^^^^^^^^^^^^^^^^^^^^^^^^^^^^^^^^^^^^^^^^^^^^^^^^^^^^^^^^^^
    )
    ^
  File "C:\Users\HP\AppData\Local\Python\pythoncore-3.14-64\Lib\site-packages\anyio\_backends\_asyncio.py", line 2502, in run_sync_in_worker_thread
    return await future
           ^^^^^^^^^^^^
  File "C:\Users\HP\AppData\Local\Python\pythoncore-3.14-64\Lib\site-packages\anyio\_backends\_asyncio.py", line 986, in run
    result = context.run(func, *args)
  File "C:\Users\HP\Desktop\backend_pfe\app\routes\auth.py", line 31, in register
    hashed_password=hash_password(user_data.password),
                    ~~~~~~~~~~~~~^^^^^^^^^^^^^^^^^^^^
  File "C:\Users\HP\Desktop\backend_pfe\app\auth\jwt.py", line 22, in hash_password
    return pwd_context.hash(password)
           ~~~~~~~~~~~~~~~~^^^^^^^^^^
  File "C:\Users\HP\AppData\Local\Python\pythoncore-3.14-64\Lib\site-packages\passlib\context.py", line 2258, in hash
    return record.hash(secret, **kwds)
           ~~~~~~~~~~~^^^^^^^^^^^^^^^^
  File "C:\Users\HP\AppData\Local\Python\pythoncore-3.14-64\Lib\site-packages\passlib\utils\handlers.py", line 779, in hash
    self.checksum = self._calc_checksum(secret)
                    ~~~~~~~~~~~~~~~~~~~^^^^^^^^
  File "C:\Users\HP\AppData\Local\Python\pythoncore-3.14-64\Lib\site-packages\passlib\handlers\bcrypt.py", line 591, in _calc_checksum
    self._stub_requires_backend()
    ~~~~~~~~~~~~~~~~~~~~~~~~~~~^^
  File "C:\Users\HP\AppData\Local\Python\pythoncore-3.14-64\Lib\site-packages\passlib\utils\handlers.py", line 2254, in _stub_requires_backend
    cls.set_backend()
    ~~~~~~~~~~~~~~~^^
  File "C:\Users\HP\AppData\Local\Python\pythoncore-3.14-64\Lib\site-packages\passlib\utils\handlers.py", line 2156, in set_backend
    return owner.set_backend(name, dryrun=dryrun)
           ~~~~~~~~~~~~~~~~~^^^^^^^^^^^^^^^^^^^^^
  File "C:\Users\HP\AppData\Local\Python\pythoncore-3.14-64\Lib\site-packages\passlib\utils\handlers.py", line 2163, in set_backend
    return cls.set_backend(name, dryrun=dryrun)
           ~~~~~~~~~~~~~~~^^^^^^^^^^^^^^^^^^^^^
  File "C:\Users\HP\AppData\Local\Python\pythoncore-3.14-64\Lib\site-packages\passlib\utils\handlers.py", line 2188, in set_backend
    cls._set_backend(name, dryrun)
    ~~~~~~~~~~~~~~~~^^^^^^^^^^^^^^
  File "C:\Users\HP\AppData\Local\Python\pythoncore-3.14-64\Lib\site-packages\passlib\utils\handlers.py", line 2311, in _set_backend
    super(SubclassBackendMixin, cls)._set_backend(name, dryrun)
    ~~~~~~~~~~~~~~~~~~~~~~~~~~~~~~~~~~~~~~~~~~~~~^^^^^^^^^^^^^^
  File "C:\Users\HP\AppData\Local\Python\pythoncore-3.14-64\Lib\site-packages\passlib\utils\handlers.py", line 2224, in _set_backend
    ok = loader(**kwds)
  File "C:\Users\HP\AppData\Local\Python\pythoncore-3.14-64\Lib\site-packages\passlib\handlers\bcrypt.py", line 626, in _load_backend_mixin
    return mixin_cls._finalize_backend_mixin(name, dryrun)
           ~~~~~~~~~~~~~~~~~~~~~~~~~~~~~~~~~^^^^^^^^^^^^^^
  File "C:\Users\HP\AppData\Local\Python\pythoncore-3.14-64\Lib\site-packages\passlib\handlers\bcrypt.py", line 421, in _finalize_backend_mixin
    if detect_wrap_bug(IDENT_2A):
       ~~~~~~~~~~~~~~~^^^^^^^^^^
  File "C:\Users\HP\AppData\Local\Python\pythoncore-3.14-64\Lib\site-packages\passlib\handlers\bcrypt.py", line 380, in detect_wrap_bug
    if verify(secret, bug_hash):
       ~~~~~~^^^^^^^^^^^^^^^^^^
  File "C:\Users\HP\AppData\Local\Python\pythoncore-3.14-64\Lib\site-packages\passlib\utils\handlers.py", line 792, in verify
    return consteq(self._calc_checksum(secret), chk)
                   ~~~~~~~~~~~~~~~~~~~^^^^^^^^
  File "C:\Users\HP\AppData\Local\Python\pythoncore-3.14-64\Lib\site-packages\passlib\handlers\bcrypt.py", line 655, in _calc_checksum
    hash = _bcrypt.hashpw(secret, config)
ValueError: password cannot be longer than 72 bytes, truncate manually if necessary (e.g. my_password[:72])
2026-04-17 15:21:11,073 | INFO | app.main | 🛑 Application shutdown
2026-04-17 15:21:13,958 | INFO | app.main | 🚀 Starting Petroleum Data API v1.0.0
2026-04-17 15:21:13,964 | INFO | app.database.session | Database tables initialized
2026-04-17 15:25:36,723 | INFO | app.main | 🚀 Starting Petroleum Data API v1.0.0
2026-04-17 15:25:36,738 | INFO | app.database.session | Database tables initialized
2026-04-17 15:27:49,067 | INFO | app.main | 🛑 Application shutdown
2026-04-17 15:27:53,767 | INFO | app.main | 🛑 Application shutdown
2026-04-17 15:30:33,618 | INFO | app.main | 🚀 Starting Petroleum Data API v1.0.0
2026-04-17 15:30:33,623 | INFO | app.database.session | Database tables initialized
2026-04-17 15:30:33,631 | INFO | app.main | 🚀 Starting Petroleum Data API v1.0.0
2026-04-17 15:30:33,637 | INFO | app.database.session | Database tables initialized
2026-04-17 15:30:33,948 | INFO | app.main | 🚀 Starting Petroleum Data API v1.0.0
2026-04-17 15:30:33,951 | INFO | app.database.session | Database tables initialized
2026-04-17 15:30:48,100 | INFO | app.main | 🚀 Starting Petroleum Data API v1.0.0
2026-04-17 15:30:48,100 | INFO | app.database.session | Database tables initialized
2026-04-17 15:34:17,851 | INFO | app.main | 🚀 Starting Petroleum Data API v1.0.0
2026-04-17 15:34:17,866 | INFO | app.database.session | Database tables initialized
2026-04-17 15:34:50,230 | INFO | app.main | 🛑 Application shutdown
2026-04-17 15:34:52,589 | INFO | app.main | 🚀 Starting Petroleum Data API v1.0.0
2026-04-17 15:34:52,593 | INFO | app.database.session | Database tables initialized
2026-04-17 15:35:30,169 | INFO | app.main | 🛑 Application shutdown
2026-04-17 15:35:30,373 | INFO | app.main | 🛑 Application shutdown
2026-04-17 15:35:32,834 | INFO | app.main | 🚀 Starting Petroleum Data API v1.0.0
2026-04-17 15:35:32,838 | INFO | app.database.session | Database tables initialized
2026-04-17 15:35:33,073 | INFO | app.main | 🚀 Starting Petroleum Data API v1.0.0
2026-04-17 15:35:33,077 | INFO | app.database.session | Database tables initialized
2026-04-17 15:35:35,710 | INFO | app.main | 🚀 Starting Petroleum Data API v1.0.0
2026-04-17 15:35:35,719 | INFO | app.database.session | Database tables initialized
2026-04-17 15:35:35,914 | INFO | app.main | 🚀 Starting Petroleum Data API v1.0.0
2026-04-17 15:35:35,918 | INFO | app.database.session | Database tables initialized
2026-04-17 15:35:45,912 | INFO | app.main | 🛑 Application shutdown
2026-04-17 15:35:48,787 | INFO | app.main | 🚀 Starting Petroleum Data API v1.0.0
2026-04-17 15:35:48,789 | INFO | app.database.session | Database tables initialized
2026-04-17 15:35:52,408 | INFO | app.main | 🚀 Starting Petroleum Data API v1.0.0
2026-04-17 15:35:52,413 | INFO | app.database.session | Database tables initialized
2026-04-17 15:36:54,826 | INFO | app.main | 🛑 Application shutdown
2026-04-17 15:36:57,293 | INFO | app.main | 🚀 Starting Petroleum Data API v1.0.0
2026-04-17 15:36:57,297 | INFO | app.database.session | Database tables initialized
2026-04-17 15:37:00,087 | INFO | app.main | 🚀 Starting Petroleum Data API v1.0.0
2026-04-17 15:37:00,088 | INFO | app.database.session | Database tables initialized
2026-04-17 15:39:07,664 | INFO | app.main | 🛑 Application shutdown
2026-04-17 15:39:09,915 | INFO | app.main | 🚀 Starting Petroleum Data API v1.0.0
2026-04-17 15:39:09,918 | INFO | app.database.session | Database tables initialized
2026-04-17 15:39:15,471 | INFO | app.main | 🛑 Application shutdown
2026-04-17 15:39:18,019 | INFO | app.main | 🚀 Starting Petroleum Data API v1.0.0
2026-04-17 15:39:18,023 | INFO | app.database.session | Database tables initialized
2026-04-17 15:39:37,778 | INFO | app.main | 🛑 Application shutdown
2026-04-17 15:39:39,831 | INFO | app.main | 🚀 Starting Petroleum Data API v1.0.0
2026-04-17 15:39:39,834 | INFO | app.database.session | Database tables initialized
2026-04-17 15:40:00,978 | INFO | app.main | 🛑 Application shutdown
2026-04-17 15:40:33,333 | INFO | app.main | 🛑 Application shutdown
2026-04-17 15:40:33,545 | INFO | app.main | 🛑 Application shutdown
2026-04-17 15:40:42,173 | INFO | app.main | 🚀 Starting Petroleum Data API v1.0.0
2026-04-17 15:40:42,182 | INFO | app.database.session | Database tables initialized
2026-04-17 15:40:42,204 | INFO | app.main | 🚀 Starting Petroleum Data API v1.0.0
2026-04-17 15:40:42,211 | INFO | app.database.session | Database tables initialized
2026-04-17 15:40:42,229 | INFO | app.main | 🚀 Starting Petroleum Data API v1.0.0
2026-04-17 15:40:42,235 | INFO | app.database.session | Database tables initialized
2026-04-17 15:40:42,994 | INFO | app.main | 🛑 Application shutdown
2026-04-17 15:40:43,850 | INFO | app.main | 🚀 Starting Petroleum Data API v1.0.0
2026-04-17 15:40:43,854 | INFO | app.database.session | Database tables initialized
2026-04-17 15:40:46,291 | INFO | app.main | 🚀 Starting Petroleum Data API v1.0.0
2026-04-17 15:40:46,291 | INFO | app.database.session | Database tables initialized
2026-04-17 15:40:55,027 | INFO | app.main | 🛑 Application shutdown
2026-04-17 15:40:57,379 | INFO | app.main | 🚀 Starting Petroleum Data API v1.0.0
2026-04-17 15:40:57,382 | INFO | app.database.session | Database tables initialized
2026-04-17 15:41:42,181 | INFO | app.main | 🛑 Application shutdown
2026-04-17 15:41:53,556 | INFO | app.main | 🚀 Starting Petroleum Data API v1.0.0
2026-04-17 15:41:53,560 | INFO | app.database.session | Database tables initialized
2026-04-17 15:41:55,147 | INFO | app.main | 🛑 Application shutdown
2026-04-17 15:41:55,147 | INFO | app.main | 🛑 Application shutdown
2026-04-17 15:41:55,147 | INFO | app.main | 🛑 Application shutdown
2026-04-17 15:41:55,147 | INFO | app.main | 🛑 Application shutdown
2026-04-17 15:42:01,050 | INFO | app.main | 🚀 Starting Petroleum Data API v1.0.0
2026-04-17 15:42:01,062 | INFO | app.database.session | Database tables initialized
2026-04-17 15:42:01,065 | INFO | app.main | 🚀 Starting Petroleum Data API v1.0.0
2026-04-17 15:42:01,073 | INFO | app.database.session | Database tables initialized
2026-04-17 15:42:01,083 | INFO | app.main | 🚀 Starting Petroleum Data API v1.0.0
2026-04-17 15:42:01,089 | INFO | app.database.session | Database tables initialized
2026-04-17 15:42:01,118 | INFO | app.main | 🚀 Starting Petroleum Data API v1.0.0
2026-04-17 15:42:01,125 | INFO | app.database.session | Database tables initialized
2026-04-17 15:42:01,138 | INFO | app.main | 🚀 Starting Petroleum Data API v1.0.0
2026-04-17 15:42:01,145 | INFO | app.database.session | Database tables initialized
2026-04-17 15:42:06,481 | INFO | app.main | 🛑 Application shutdown
2026-04-17 15:42:08,925 | INFO | app.main | 🚀 Starting Petroleum Data API v1.0.0
2026-04-17 15:42:08,930 | INFO | app.database.session | Database tables initialized
2026-04-17 15:42:48,835 | INFO | app.main | 🚀 Starting Petroleum Data API v1.0.0
2026-04-17 15:42:48,835 | INFO | app.database.session | Database tables initialized
2026-04-17 15:44:09,187 | INFO | app.main | 🛑 Application shutdown
2026-04-17 15:44:11,382 | INFO | app.main | 🚀 Starting Petroleum Data API v1.0.0
2026-04-17 15:44:11,382 | INFO | app.database.session | Database tables initialized
2026-04-17 15:44:20,808 | INFO | app.main | 🛑 Application shutdown
2026-04-17 15:44:23,514 | INFO | app.main | 🚀 Starting Petroleum Data API v1.0.0
2026-04-17 15:44:23,517 | INFO | app.database.session | Database tables initialized
2026-04-17 15:44:47,231 | INFO | app.main | 🛑 Application shutdown
2026-04-17 15:44:47,231 | INFO | app.main | 🛑 Application shutdown
2026-04-17 15:44:47,231 | INFO | app.main | 🛑 Application shutdown
2026-04-17 15:44:50,581 | INFO | app.main | 🚀 Starting Petroleum Data API v1.0.0
2026-04-17 15:44:50,586 | INFO | app.database.session | Database tables initialized
2026-04-17 15:44:50,620 | INFO | app.main | 🚀 Starting Petroleum Data API v1.0.0
2026-04-17 15:44:50,620 | INFO | app.database.session | Database tables initialized
2026-04-17 15:44:50,634 | INFO | app.main | 🚀 Starting Petroleum Data API v1.0.0
2026-04-17 15:44:50,638 | INFO | app.database.session | Database tables initialized
2026-04-17 15:48:15,668 | INFO | app.main | 🛑 Application shutdown
2026-04-17 15:48:17,980 | INFO | app.main | 🚀 Starting Petroleum Data API v1.0.0
2026-04-17 15:48:17,984 | INFO | app.database.session | Database tables initialized
2026-04-17 15:48:25,210 | INFO | app.main | 🛑 Application shutdown
2026-04-17 15:48:38,190 | INFO | app.main | 🛑 Application shutdown
2026-04-17 15:48:40,126 | INFO | app.main | 🚀 Starting Petroleum Data API v1.0.0
2026-04-17 15:48:40,130 | INFO | app.database.session | Database tables initialized
2026-04-17 15:48:40,651 | INFO | app.main | 🚀 Starting Petroleum Data API v1.0.0
2026-04-17 15:48:40,651 | INFO | app.database.session | Database tables initialized
2026-04-17 15:48:43,086 | INFO | app.main | 🚀 Starting Petroleum Data API v1.0.0
2026-04-17 15:48:43,089 | INFO | app.database.session | Database tables initialized
2026-04-17 15:48:46,148 | INFO | app.main | 🛑 Application shutdown
2026-04-17 15:48:48,246 | INFO | app.main | 🚀 Starting Petroleum Data API v1.0.0
2026-04-17 15:48:48,249 | INFO | app.database.session | Database tables initialized
2026-04-17 15:49:09,531 | INFO | app.main | 🛑 Application shutdown
2026-04-17 15:49:12,309 | INFO | app.main | 🚀 Starting Petroleum Data API v1.0.0
2026-04-17 15:49:12,314 | INFO | app.database.session | Database tables initialized
2026-04-17 15:49:14,980 | INFO | app.main | 🚀 Starting Petroleum Data API v1.0.0
2026-04-17 15:49:14,984 | INFO | app.database.session | Database tables initialized
2026-04-17 15:49:21,183 | INFO | app.main | 🛑 Application shutdown
2026-04-17 15:49:24,559 | INFO | app.main | 🚀 Starting Petroleum Data API v1.0.0
2026-04-17 15:49:24,559 | INFO | app.database.session | Database tables initialized
2026-04-17 15:49:47,694 | INFO | app.main | 🛑 Application shutdown
2026-04-17 15:49:50,258 | INFO | app.main | 🚀 Starting Petroleum Data API v1.0.0
2026-04-17 15:49:50,262 | INFO | app.database.session | Database tables initialized
2026-04-17 15:49:50,270 | INFO | app.main | 🚀 Starting Petroleum Data API v1.0.0
2026-04-17 15:49:50,273 | INFO | app.database.session | Database tables initialized
2026-04-17 15:49:53,355 | INFO | app.main | 🚀 Starting Petroleum Data API v1.0.0
2026-04-17 15:49:53,361 | INFO | app.database.session | Database tables initialized
2026-04-17 15:49:53,400 | INFO | app.main | 🚀 Starting Petroleum Data API v1.0.0
2026-04-17 15:49:53,404 | INFO | app.database.session | Database tables initialized
2026-04-17 15:51:19,233 | INFO | app.main | 🚀 Starting Petroleum Data API v1.0.0
2026-04-17 15:51:19,242 | INFO | app.database.session | Database tables initialized
2026-04-17 15:51:56,772 | INFO | app.main | 🛑 Application shutdown
2026-04-17 15:51:59,546 | INFO | app.main | 🚀 Starting Petroleum Data API v1.0.0
2026-04-17 15:51:59,546 | INFO | app.database.session | Database tables initialized
2026-04-17 15:51:59,597 | INFO | app.main | 🚀 Starting Petroleum Data API v1.0.0
2026-04-17 15:51:59,597 | INFO | app.database.session | Database tables initialized
2026-04-17 15:52:02,023 | INFO | app.main | 🚀 Starting Petroleum Data API v1.0.0
2026-04-17 15:52:02,023 | INFO | app.database.session | Database tables initialized
2026-04-17 15:54:19,049 | WARNING | passlib.handlers.bcrypt | (trapped) error reading bcrypt version
Traceback (most recent call last):
  File "C:\Users\HP\AppData\Local\Python\pythoncore-3.14-64\Lib\site-packages\passlib\handlers\bcrypt.py", line 620, in _load_backend_mixin
    version = _bcrypt.__about__.__version__
              ^^^^^^^^^^^^^^^^^
AttributeError: module 'bcrypt' has no attribute '__about__'
2026-04-17 15:54:19,072 | ERROR | app.main | Unhandled exception: password cannot be longer than 72 bytes, truncate manually if necessary (e.g. my_password[:72])
Traceback (most recent call last):
  File "C:\Users\HP\AppData\Local\Python\pythoncore-3.14-64\Lib\site-packages\starlette\middleware\errors.py", line 164, in __call__
    await self.app(scope, receive, _send)
  File "C:\Users\HP\AppData\Local\Python\pythoncore-3.14-64\Lib\site-packages\starlette\middleware\cors.py", line 95, in __call__
    await self.simple_response(scope, receive, send, request_headers=headers)
  File "C:\Users\HP\AppData\Local\Python\pythoncore-3.14-64\Lib\site-packages\starlette\middleware\cors.py", line 153, in simple_response
    await self.app(scope, receive, send)
  File "C:\Users\HP\AppData\Local\Python\pythoncore-3.14-64\Lib\site-packages\starlette\middleware\exceptions.py", line 63, in __call__
    await wrap_app_handling_exceptions(self.app, conn)(scope, receive, send)
  File "C:\Users\HP\AppData\Local\Python\pythoncore-3.14-64\Lib\site-packages\starlette\_exception_handler.py", line 53, in wrapped_app
    raise exc
  File "C:\Users\HP\AppData\Local\Python\pythoncore-3.14-64\Lib\site-packages\starlette\_exception_handler.py", line 42, in wrapped_app
    await app(scope, receive, sender)
  File "C:\Users\HP\AppData\Local\Python\pythoncore-3.14-64\Lib\site-packages\fastapi\middleware\asyncexitstack.py", line 18, in __call__
    await self.app(scope, receive, send)
  File "C:\Users\HP\AppData\Local\Python\pythoncore-3.14-64\Lib\site-packages\starlette\routing.py", line 716, in __call__
    await self.middleware_stack(scope, receive, send)
  File "C:\Users\HP\AppData\Local\Python\pythoncore-3.14-64\Lib\site-packages\starlette\routing.py", line 736, in app
    await route.handle(scope, receive, send)
  File "C:\Users\HP\AppData\Local\Python\pythoncore-3.14-64\Lib\site-packages\starlette\routing.py", line 290, in handle
    await self.app(scope, receive, send)
  File "C:\Users\HP\AppData\Local\Python\pythoncore-3.14-64\Lib\site-packages\fastapi\routing.py", line 130, in app
    await wrap_app_handling_exceptions(app, request)(scope, receive, send)
  File "C:\Users\HP\AppData\Local\Python\pythoncore-3.14-64\Lib\site-packages\starlette\_exception_handler.py", line 53, in wrapped_app
    raise exc
  File "C:\Users\HP\AppData\Local\Python\pythoncore-3.14-64\Lib\site-packages\starlette\_exception_handler.py", line 42, in wrapped_app
    await app(scope, receive, sender)
  File "C:\Users\HP\AppData\Local\Python\pythoncore-3.14-64\Lib\site-packages\fastapi\routing.py", line 116, in app
    response = await f(request)
               ^^^^^^^^^^^^^^^^
  File "C:\Users\HP\AppData\Local\Python\pythoncore-3.14-64\Lib\site-packages\fastapi\routing.py", line 670, in app
    raw_response = await run_endpoint_function(
                   ^^^^^^^^^^^^^^^^^^^^^^^^^^^^
    ...<3 lines>...
    )
    ^
  File "C:\Users\HP\AppData\Local\Python\pythoncore-3.14-64\Lib\site-packages\fastapi\routing.py", line 326, in run_endpoint_function
    return await run_in_threadpool(dependant.call, **values)
           ^^^^^^^^^^^^^^^^^^^^^^^^^^^^^^^^^^^^^^^^^^^^^^^^^
  File "C:\Users\HP\AppData\Local\Python\pythoncore-3.14-64\Lib\site-packages\starlette\concurrency.py", line 32, in run_in_threadpool
    return await anyio.to_thread.run_sync(func)
           ^^^^^^^^^^^^^^^^^^^^^^^^^^^^^^^^^^^^
  File "C:\Users\HP\AppData\Local\Python\pythoncore-3.14-64\Lib\site-packages\anyio\to_thread.py", line 63, in run_sync
    return await get_async_backend().run_sync_in_worker_thread(
           ^^^^^^^^^^^^^^^^^^^^^^^^^^^^^^^^^^^^^^^^^^^^^^^^^^^^
        func, args, abandon_on_cancel=abandon_on_cancel, limiter=limiter
        ^^^^^^^^^^^^^^^^^^^^^^^^^^^^^^^^^^^^^^^^^^^^^^^^^^^^^^^^^^^^^^^^
    )
    ^
  File "C:\Users\HP\AppData\Local\Python\pythoncore-3.14-64\Lib\site-packages\anyio\_backends\_asyncio.py", line 2502, in run_sync_in_worker_thread
    return await future
           ^^^^^^^^^^^^
  File "C:\Users\HP\AppData\Local\Python\pythoncore-3.14-64\Lib\site-packages\anyio\_backends\_asyncio.py", line 986, in run
    result = context.run(func, *args)
  File "C:\Users\HP\Desktop\backend_pfe\app\routes\auth.py", line 31, in register
    hashed_password=hash_password(user_data.password),
                    ~~~~~~~~~~~~~^^^^^^^^^^^^^^^^^^^^
  File "C:\Users\HP\Desktop\backend_pfe\app\auth\jwt.py", line 22, in hash_password
    return pwd_context.hash(password)
           ~~~~~~~~~~~~~~~~^^^^^^^^^^
  File "C:\Users\HP\AppData\Local\Python\pythoncore-3.14-64\Lib\site-packages\passlib\context.py", line 2258, in hash
    return record.hash(secret, **kwds)
           ~~~~~~~~~~~^^^^^^^^^^^^^^^^
  File "C:\Users\HP\AppData\Local\Python\pythoncore-3.14-64\Lib\site-packages\passlib\utils\handlers.py", line 779, in hash
    self.checksum = self._calc_checksum(secret)
                    ~~~~~~~~~~~~~~~~~~~^^^^^^^^
  File "C:\Users\HP\AppData\Local\Python\pythoncore-3.14-64\Lib\site-packages\passlib\handlers\bcrypt.py", line 591, in _calc_checksum
    self._stub_requires_backend()
    ~~~~~~~~~~~~~~~~~~~~~~~~~~~^^
  File "C:\Users\HP\AppData\Local\Python\pythoncore-3.14-64\Lib\site-packages\passlib\utils\handlers.py", line 2254, in _stub_requires_backend
    cls.set_backend()
    ~~~~~~~~~~~~~~~^^
  File "C:\Users\HP\AppData\Local\Python\pythoncore-3.14-64\Lib\site-packages\passlib\utils\handlers.py", line 2156, in set_backend
    return owner.set_backend(name, dryrun=dryrun)
           ~~~~~~~~~~~~~~~~~^^^^^^^^^^^^^^^^^^^^^
  File "C:\Users\HP\AppData\Local\Python\pythoncore-3.14-64\Lib\site-packages\passlib\utils\handlers.py", line 2163, in set_backend
    return cls.set_backend(name, dryrun=dryrun)
           ~~~~~~~~~~~~~~~^^^^^^^^^^^^^^^^^^^^^
  File "C:\Users\HP\AppData\Local\Python\pythoncore-3.14-64\Lib\site-packages\passlib\utils\handlers.py", line 2188, in set_backend
    cls._set_backend(name, dryrun)
    ~~~~~~~~~~~~~~~~^^^^^^^^^^^^^^
  File "C:\Users\HP\AppData\Local\Python\pythoncore-3.14-64\Lib\site-packages\passlib\utils\handlers.py", line 2311, in _set_backend
    super(SubclassBackendMixin, cls)._set_backend(name, dryrun)
    ~~~~~~~~~~~~~~~~~~~~~~~~~~~~~~~~~~~~~~~~~~~~~^^^^^^^^^^^^^^
  File "C:\Users\HP\AppData\Local\Python\pythoncore-3.14-64\Lib\site-packages\passlib\utils\handlers.py", line 2224, in _set_backend
    ok = loader(**kwds)
  File "C:\Users\HP\AppData\Local\Python\pythoncore-3.14-64\Lib\site-packages\passlib\handlers\bcrypt.py", line 626, in _load_backend_mixin
    return mixin_cls._finalize_backend_mixin(name, dryrun)
           ~~~~~~~~~~~~~~~~~~~~~~~~~~~~~~~~~^^^^^^^^^^^^^^
  File "C:\Users\HP\AppData\Local\Python\pythoncore-3.14-64\Lib\site-packages\passlib\handlers\bcrypt.py", line 421, in _finalize_backend_mixin
    if detect_wrap_bug(IDENT_2A):
       ~~~~~~~~~~~~~~~^^^^^^^^^^
  File "C:\Users\HP\AppData\Local\Python\pythoncore-3.14-64\Lib\site-packages\passlib\handlers\bcrypt.py", line 380, in detect_wrap_bug
    if verify(secret, bug_hash):
       ~~~~~~^^^^^^^^^^^^^^^^^^
  File "C:\Users\HP\AppData\Local\Python\pythoncore-3.14-64\Lib\site-packages\passlib\utils\handlers.py", line 792, in verify
    return consteq(self._calc_checksum(secret), chk)
                   ~~~~~~~~~~~~~~~~~~~^^^^^^^^
  File "C:\Users\HP\AppData\Local\Python\pythoncore-3.14-64\Lib\site-packages\passlib\handlers\bcrypt.py", line 655, in _calc_checksum
    hash = _bcrypt.hashpw(secret, config)
ValueError: password cannot be longer than 72 bytes, truncate manually if necessary (e.g. my_password[:72])
2026-04-17 16:01:32,686 | WARNING | passlib.handlers.bcrypt | (trapped) error reading bcrypt version
Traceback (most recent call last):
  File "C:\Users\HP\AppData\Local\Python\pythoncore-3.14-64\Lib\site-packages\passlib\handlers\bcrypt.py", line 620, in _load_backend_mixin
    version = _bcrypt.__about__.__version__
              ^^^^^^^^^^^^^^^^^
AttributeError: module 'bcrypt' has no attribute '__about__'
2026-04-17 16:01:32,694 | ERROR | app.main | Unhandled exception: password cannot be longer than 72 bytes, truncate manually if necessary (e.g. my_password[:72])
Traceback (most recent call last):
  File "C:\Users\HP\AppData\Local\Python\pythoncore-3.14-64\Lib\site-packages\starlette\middleware\errors.py", line 164, in __call__
    await self.app(scope, receive, _send)
  File "C:\Users\HP\AppData\Local\Python\pythoncore-3.14-64\Lib\site-packages\starlette\middleware\cors.py", line 95, in __call__
    await self.simple_response(scope, receive, send, request_headers=headers)
  File "C:\Users\HP\AppData\Local\Python\pythoncore-3.14-64\Lib\site-packages\starlette\middleware\cors.py", line 153, in simple_response
    await self.app(scope, receive, send)
  File "C:\Users\HP\AppData\Local\Python\pythoncore-3.14-64\Lib\site-packages\starlette\middleware\exceptions.py", line 63, in __call__
    await wrap_app_handling_exceptions(self.app, conn)(scope, receive, send)
  File "C:\Users\HP\AppData\Local\Python\pythoncore-3.14-64\Lib\site-packages\starlette\_exception_handler.py", line 53, in wrapped_app
    raise exc
  File "C:\Users\HP\AppData\Local\Python\pythoncore-3.14-64\Lib\site-packages\starlette\_exception_handler.py", line 42, in wrapped_app
    await app(scope, receive, sender)
  File "C:\Users\HP\AppData\Local\Python\pythoncore-3.14-64\Lib\site-packages\fastapi\middleware\asyncexitstack.py", line 18, in __call__
    await self.app(scope, receive, send)
  File "C:\Users\HP\AppData\Local\Python\pythoncore-3.14-64\Lib\site-packages\starlette\routing.py", line 716, in __call__
    await self.middleware_stack(scope, receive, send)
  File "C:\Users\HP\AppData\Local\Python\pythoncore-3.14-64\Lib\site-packages\starlette\routing.py", line 736, in app
    await route.handle(scope, receive, send)
  File "C:\Users\HP\AppData\Local\Python\pythoncore-3.14-64\Lib\site-packages\starlette\routing.py", line 290, in handle
    await self.app(scope, receive, send)
  File "C:\Users\HP\AppData\Local\Python\pythoncore-3.14-64\Lib\site-packages\fastapi\routing.py", line 130, in app
    await wrap_app_handling_exceptions(app, request)(scope, receive, send)
  File "C:\Users\HP\AppData\Local\Python\pythoncore-3.14-64\Lib\site-packages\starlette\_exception_handler.py", line 53, in wrapped_app
    raise exc
  File "C:\Users\HP\AppData\Local\Python\pythoncore-3.14-64\Lib\site-packages\starlette\_exception_handler.py", line 42, in wrapped_app
    await app(scope, receive, sender)
  File "C:\Users\HP\AppData\Local\Python\pythoncore-3.14-64\Lib\site-packages\fastapi\routing.py", line 116, in app
    response = await f(request)
               ^^^^^^^^^^^^^^^^
  File "C:\Users\HP\AppData\Local\Python\pythoncore-3.14-64\Lib\site-packages\fastapi\routing.py", line 670, in app
    raw_response = await run_endpoint_function(
                   ^^^^^^^^^^^^^^^^^^^^^^^^^^^^
    ...<3 lines>...
    )
    ^
  File "C:\Users\HP\AppData\Local\Python\pythoncore-3.14-64\Lib\site-packages\fastapi\routing.py", line 326, in run_endpoint_function
    return await run_in_threadpool(dependant.call, **values)
           ^^^^^^^^^^^^^^^^^^^^^^^^^^^^^^^^^^^^^^^^^^^^^^^^^
  File "C:\Users\HP\AppData\Local\Python\pythoncore-3.14-64\Lib\site-packages\starlette\concurrency.py", line 32, in run_in_threadpool
    return await anyio.to_thread.run_sync(func)
           ^^^^^^^^^^^^^^^^^^^^^^^^^^^^^^^^^^^^
  File "C:\Users\HP\AppData\Local\Python\pythoncore-3.14-64\Lib\site-packages\anyio\to_thread.py", line 63, in run_sync
    return await get_async_backend().run_sync_in_worker_thread(
           ^^^^^^^^^^^^^^^^^^^^^^^^^^^^^^^^^^^^^^^^^^^^^^^^^^^^
        func, args, abandon_on_cancel=abandon_on_cancel, limiter=limiter
        ^^^^^^^^^^^^^^^^^^^^^^^^^^^^^^^^^^^^^^^^^^^^^^^^^^^^^^^^^^^^^^^^
    )
    ^
  File "C:\Users\HP\AppData\Local\Python\pythoncore-3.14-64\Lib\site-packages\anyio\_backends\_asyncio.py", line 2502, in run_sync_in_worker_thread
    return await future
           ^^^^^^^^^^^^
  File "C:\Users\HP\AppData\Local\Python\pythoncore-3.14-64\Lib\site-packages\anyio\_backends\_asyncio.py", line 986, in run
    result = context.run(func, *args)
  File "C:\Users\HP\Desktop\backend_pfe\app\routes\auth.py", line 31, in register
    hashed_password=hash_password(user_data.password),
                    ~~~~~~~~~~~~~^^^^^^^^^^^^^^^^^^^^
  File "C:\Users\HP\Desktop\backend_pfe\app\auth\jwt.py", line 22, in hash_password
    return pwd_context.hash(password)
           ~~~~~~~~~~~~~~~~^^^^^^^^^^
  File "C:\Users\HP\AppData\Local\Python\pythoncore-3.14-64\Lib\site-packages\passlib\context.py", line 2258, in hash
    return record.hash(secret, **kwds)
           ~~~~~~~~~~~^^^^^^^^^^^^^^^^
  File "C:\Users\HP\AppData\Local\Python\pythoncore-3.14-64\Lib\site-packages\passlib\utils\handlers.py", line 779, in hash
    self.checksum = self._calc_checksum(secret)
                    ~~~~~~~~~~~~~~~~~~~^^^^^^^^
  File "C:\Users\HP\AppData\Local\Python\pythoncore-3.14-64\Lib\site-packages\passlib\handlers\bcrypt.py", line 591, in _calc_checksum
    self._stub_requires_backend()
    ~~~~~~~~~~~~~~~~~~~~~~~~~~~^^
  File "C:\Users\HP\AppData\Local\Python\pythoncore-3.14-64\Lib\site-packages\passlib\utils\handlers.py", line 2254, in _stub_requires_backend
    cls.set_backend()
    ~~~~~~~~~~~~~~~^^
  File "C:\Users\HP\AppData\Local\Python\pythoncore-3.14-64\Lib\site-packages\passlib\utils\handlers.py", line 2156, in set_backend
    return owner.set_backend(name, dryrun=dryrun)
           ~~~~~~~~~~~~~~~~~^^^^^^^^^^^^^^^^^^^^^
  File "C:\Users\HP\AppData\Local\Python\pythoncore-3.14-64\Lib\site-packages\passlib\utils\handlers.py", line 2163, in set_backend
    return cls.set_backend(name, dryrun=dryrun)
           ~~~~~~~~~~~~~~~^^^^^^^^^^^^^^^^^^^^^
  File "C:\Users\HP\AppData\Local\Python\pythoncore-3.14-64\Lib\site-packages\passlib\utils\handlers.py", line 2188, in set_backend
    cls._set_backend(name, dryrun)
    ~~~~~~~~~~~~~~~~^^^^^^^^^^^^^^
  File "C:\Users\HP\AppData\Local\Python\pythoncore-3.14-64\Lib\site-packages\passlib\utils\handlers.py", line 2311, in _set_backend
    super(SubclassBackendMixin, cls)._set_backend(name, dryrun)
    ~~~~~~~~~~~~~~~~~~~~~~~~~~~~~~~~~~~~~~~~~~~~~^^^^^^^^^^^^^^
  File "C:\Users\HP\AppData\Local\Python\pythoncore-3.14-64\Lib\site-packages\passlib\utils\handlers.py", line 2224, in _set_backend
    ok = loader(**kwds)
  File "C:\Users\HP\AppData\Local\Python\pythoncore-3.14-64\Lib\site-packages\passlib\handlers\bcrypt.py", line 626, in _load_backend_mixin
    return mixin_cls._finalize_backend_mixin(name, dryrun)
           ~~~~~~~~~~~~~~~~~~~~~~~~~~~~~~~~~^^^^^^^^^^^^^^
  File "C:\Users\HP\AppData\Local\Python\pythoncore-3.14-64\Lib\site-packages\passlib\handlers\bcrypt.py", line 421, in _finalize_backend_mixin
    if detect_wrap_bug(IDENT_2A):
       ~~~~~~~~~~~~~~~^^^^^^^^^^
  File "C:\Users\HP\AppData\Local\Python\pythoncore-3.14-64\Lib\site-packages\passlib\handlers\bcrypt.py", line 380, in detect_wrap_bug
    if verify(secret, bug_hash):
       ~~~~~~^^^^^^^^^^^^^^^^^^
  File "C:\Users\HP\AppData\Local\Python\pythoncore-3.14-64\Lib\site-packages\passlib\utils\handlers.py", line 792, in verify
    return consteq(self._calc_checksum(secret), chk)
                   ~~~~~~~~~~~~~~~~~~~^^^^^^^^
  File "C:\Users\HP\AppData\Local\Python\pythoncore-3.14-64\Lib\site-packages\passlib\handlers\bcrypt.py", line 655, in _calc_checksum
    hash = _bcrypt.hashpw(secret, config)
ValueError: password cannot be longer than 72 bytes, truncate manually if necessary (e.g. my_password[:72])
2026-04-17 16:01:47,945 | WARNING | passlib.handlers.bcrypt | (trapped) error reading bcrypt version
Traceback (most recent call last):
  File "C:\Users\HP\AppData\Local\Python\pythoncore-3.14-64\Lib\site-packages\passlib\handlers\bcrypt.py", line 620, in _load_backend_mixin
    version = _bcrypt.__about__.__version__
              ^^^^^^^^^^^^^^^^^
AttributeError: module 'bcrypt' has no attribute '__about__'
2026-04-17 16:01:47,954 | ERROR | app.main | Unhandled exception: password cannot be longer than 72 bytes, truncate manually if necessary (e.g. my_password[:72])
Traceback (most recent call last):
  File "C:\Users\HP\AppData\Local\Python\pythoncore-3.14-64\Lib\site-packages\starlette\middleware\errors.py", line 164, in __call__
    await self.app(scope, receive, _send)
  File "C:\Users\HP\AppData\Local\Python\pythoncore-3.14-64\Lib\site-packages\starlette\middleware\cors.py", line 95, in __call__
    await self.simple_response(scope, receive, send, request_headers=headers)
  File "C:\Users\HP\AppData\Local\Python\pythoncore-3.14-64\Lib\site-packages\starlette\middleware\cors.py", line 153, in simple_response
    await self.app(scope, receive, send)
  File "C:\Users\HP\AppData\Local\Python\pythoncore-3.14-64\Lib\site-packages\starlette\middleware\exceptions.py", line 63, in __call__
    await wrap_app_handling_exceptions(self.app, conn)(scope, receive, send)
  File "C:\Users\HP\AppData\Local\Python\pythoncore-3.14-64\Lib\site-packages\starlette\_exception_handler.py", line 53, in wrapped_app
    raise exc
  File "C:\Users\HP\AppData\Local\Python\pythoncore-3.14-64\Lib\site-packages\starlette\_exception_handler.py", line 42, in wrapped_app
    await app(scope, receive, sender)
  File "C:\Users\HP\AppData\Local\Python\pythoncore-3.14-64\Lib\site-packages\fastapi\middleware\asyncexitstack.py", line 18, in __call__
    await self.app(scope, receive, send)
  File "C:\Users\HP\AppData\Local\Python\pythoncore-3.14-64\Lib\site-packages\starlette\routing.py", line 716, in __call__
    await self.middleware_stack(scope, receive, send)
  File "C:\Users\HP\AppData\Local\Python\pythoncore-3.14-64\Lib\site-packages\starlette\routing.py", line 736, in app
    await route.handle(scope, receive, send)
  File "C:\Users\HP\AppData\Local\Python\pythoncore-3.14-64\Lib\site-packages\starlette\routing.py", line 290, in handle
    await self.app(scope, receive, send)
  File "C:\Users\HP\AppData\Local\Python\pythoncore-3.14-64\Lib\site-packages\fastapi\routing.py", line 130, in app
    await wrap_app_handling_exceptions(app, request)(scope, receive, send)
  File "C:\Users\HP\AppData\Local\Python\pythoncore-3.14-64\Lib\site-packages\starlette\_exception_handler.py", line 53, in wrapped_app
    raise exc
  File "C:\Users\HP\AppData\Local\Python\pythoncore-3.14-64\Lib\site-packages\starlette\_exception_handler.py", line 42, in wrapped_app
    await app(scope, receive, sender)
  File "C:\Users\HP\AppData\Local\Python\pythoncore-3.14-64\Lib\site-packages\fastapi\routing.py", line 116, in app
    response = await f(request)
               ^^^^^^^^^^^^^^^^
  File "C:\Users\HP\AppData\Local\Python\pythoncore-3.14-64\Lib\site-packages\fastapi\routing.py", line 670, in app
    raw_response = await run_endpoint_function(
                   ^^^^^^^^^^^^^^^^^^^^^^^^^^^^
    ...<3 lines>...
    )
    ^
  File "C:\Users\HP\AppData\Local\Python\pythoncore-3.14-64\Lib\site-packages\fastapi\routing.py", line 326, in run_endpoint_function
    return await run_in_threadpool(dependant.call, **values)
           ^^^^^^^^^^^^^^^^^^^^^^^^^^^^^^^^^^^^^^^^^^^^^^^^^
  File "C:\Users\HP\AppData\Local\Python\pythoncore-3.14-64\Lib\site-packages\starlette\concurrency.py", line 32, in run_in_threadpool
    return await anyio.to_thread.run_sync(func)
           ^^^^^^^^^^^^^^^^^^^^^^^^^^^^^^^^^^^^
  File "C:\Users\HP\AppData\Local\Python\pythoncore-3.14-64\Lib\site-packages\anyio\to_thread.py", line 63, in run_sync
    return await get_async_backend().run_sync_in_worker_thread(
           ^^^^^^^^^^^^^^^^^^^^^^^^^^^^^^^^^^^^^^^^^^^^^^^^^^^^
        func, args, abandon_on_cancel=abandon_on_cancel, limiter=limiter
        ^^^^^^^^^^^^^^^^^^^^^^^^^^^^^^^^^^^^^^^^^^^^^^^^^^^^^^^^^^^^^^^^
    )
    ^
  File "C:\Users\HP\AppData\Local\Python\pythoncore-3.14-64\Lib\site-packages\anyio\_backends\_asyncio.py", line 2502, in run_sync_in_worker_thread
    return await future
           ^^^^^^^^^^^^
  File "C:\Users\HP\AppData\Local\Python\pythoncore-3.14-64\Lib\site-packages\anyio\_backends\_asyncio.py", line 986, in run
    result = context.run(func, *args)
  File "C:\Users\HP\Desktop\backend_pfe\app\routes\auth.py", line 31, in register
    hashed_password=hash_password(user_data.password),
                    ~~~~~~~~~~~~~^^^^^^^^^^^^^^^^^^^^
  File "C:\Users\HP\Desktop\backend_pfe\app\auth\jwt.py", line 22, in hash_password
    return pwd_context.hash(password)
           ~~~~~~~~~~~~~~~~^^^^^^^^^^
  File "C:\Users\HP\AppData\Local\Python\pythoncore-3.14-64\Lib\site-packages\passlib\context.py", line 2258, in hash
    return record.hash(secret, **kwds)
           ~~~~~~~~~~~^^^^^^^^^^^^^^^^
  File "C:\Users\HP\AppData\Local\Python\pythoncore-3.14-64\Lib\site-packages\passlib\utils\handlers.py", line 779, in hash
    self.checksum = self._calc_checksum(secret)
                    ~~~~~~~~~~~~~~~~~~~^^^^^^^^
  File "C:\Users\HP\AppData\Local\Python\pythoncore-3.14-64\Lib\site-packages\passlib\handlers\bcrypt.py", line 591, in _calc_checksum
    self._stub_requires_backend()
    ~~~~~~~~~~~~~~~~~~~~~~~~~~~^^
  File "C:\Users\HP\AppData\Local\Python\pythoncore-3.14-64\Lib\site-packages\passlib\utils\handlers.py", line 2254, in _stub_requires_backend
    cls.set_backend()
    ~~~~~~~~~~~~~~~^^
  File "C:\Users\HP\AppData\Local\Python\pythoncore-3.14-64\Lib\site-packages\passlib\utils\handlers.py", line 2156, in set_backend
    return owner.set_backend(name, dryrun=dryrun)
           ~~~~~~~~~~~~~~~~~^^^^^^^^^^^^^^^^^^^^^
  File "C:\Users\HP\AppData\Local\Python\pythoncore-3.14-64\Lib\site-packages\passlib\utils\handlers.py", line 2163, in set_backend
    return cls.set_backend(name, dryrun=dryrun)
           ~~~~~~~~~~~~~~~^^^^^^^^^^^^^^^^^^^^^
  File "C:\Users\HP\AppData\Local\Python\pythoncore-3.14-64\Lib\site-packages\passlib\utils\handlers.py", line 2188, in set_backend
    cls._set_backend(name, dryrun)
    ~~~~~~~~~~~~~~~~^^^^^^^^^^^^^^
  File "C:\Users\HP\AppData\Local\Python\pythoncore-3.14-64\Lib\site-packages\passlib\utils\handlers.py", line 2311, in _set_backend
    super(SubclassBackendMixin, cls)._set_backend(name, dryrun)
    ~~~~~~~~~~~~~~~~~~~~~~~~~~~~~~~~~~~~~~~~~~~~~^^^^^^^^^^^^^^
  File "C:\Users\HP\AppData\Local\Python\pythoncore-3.14-64\Lib\site-packages\passlib\utils\handlers.py", line 2224, in _set_backend
    ok = loader(**kwds)
  File "C:\Users\HP\AppData\Local\Python\pythoncore-3.14-64\Lib\site-packages\passlib\handlers\bcrypt.py", line 626, in _load_backend_mixin
    return mixin_cls._finalize_backend_mixin(name, dryrun)
           ~~~~~~~~~~~~~~~~~~~~~~~~~~~~~~~~~^^^^^^^^^^^^^^
  File "C:\Users\HP\AppData\Local\Python\pythoncore-3.14-64\Lib\site-packages\passlib\handlers\bcrypt.py", line 421, in _finalize_backend_mixin
    if detect_wrap_bug(IDENT_2A):
       ~~~~~~~~~~~~~~~^^^^^^^^^^
  File "C:\Users\HP\AppData\Local\Python\pythoncore-3.14-64\Lib\site-packages\passlib\handlers\bcrypt.py", line 380, in detect_wrap_bug
    if verify(secret, bug_hash):
       ~~~~~~^^^^^^^^^^^^^^^^^^
  File "C:\Users\HP\AppData\Local\Python\pythoncore-3.14-64\Lib\site-packages\passlib\utils\handlers.py", line 792, in verify
    return consteq(self._calc_checksum(secret), chk)
                   ~~~~~~~~~~~~~~~~~~~^^^^^^^^
  File "C:\Users\HP\AppData\Local\Python\pythoncore-3.14-64\Lib\site-packages\passlib\handlers\bcrypt.py", line 655, in _calc_checksum
    hash = _bcrypt.hashpw(secret, config)
ValueError: password cannot be longer than 72 bytes, truncate manually if necessary (e.g. my_password[:72])
2026-04-17 16:01:50,529 | WARNING | passlib.handlers.bcrypt | (trapped) error reading bcrypt version
Traceback (most recent call last):
  File "C:\Users\HP\AppData\Local\Python\pythoncore-3.14-64\Lib\site-packages\passlib\handlers\bcrypt.py", line 620, in _load_backend_mixin
    version = _bcrypt.__about__.__version__
              ^^^^^^^^^^^^^^^^^
AttributeError: module 'bcrypt' has no attribute '__about__'
2026-04-17 16:01:50,537 | ERROR | app.main | Unhandled exception: password cannot be longer than 72 bytes, truncate manually if necessary (e.g. my_password[:72])
Traceback (most recent call last):
  File "C:\Users\HP\AppData\Local\Python\pythoncore-3.14-64\Lib\site-packages\starlette\middleware\errors.py", line 164, in __call__
    await self.app(scope, receive, _send)
  File "C:\Users\HP\AppData\Local\Python\pythoncore-3.14-64\Lib\site-packages\starlette\middleware\cors.py", line 95, in __call__
    await self.simple_response(scope, receive, send, request_headers=headers)
  File "C:\Users\HP\AppData\Local\Python\pythoncore-3.14-64\Lib\site-packages\starlette\middleware\cors.py", line 153, in simple_response
    await self.app(scope, receive, send)
  File "C:\Users\HP\AppData\Local\Python\pythoncore-3.14-64\Lib\site-packages\starlette\middleware\exceptions.py", line 63, in __call__
    await wrap_app_handling_exceptions(self.app, conn)(scope, receive, send)
  File "C:\Users\HP\AppData\Local\Python\pythoncore-3.14-64\Lib\site-packages\starlette\_exception_handler.py", line 53, in wrapped_app
    raise exc
  File "C:\Users\HP\AppData\Local\Python\pythoncore-3.14-64\Lib\site-packages\starlette\_exception_handler.py", line 42, in wrapped_app
    await app(scope, receive, sender)
  File "C:\Users\HP\AppData\Local\Python\pythoncore-3.14-64\Lib\site-packages\fastapi\middleware\asyncexitstack.py", line 18, in __call__
    await self.app(scope, receive, send)
  File "C:\Users\HP\AppData\Local\Python\pythoncore-3.14-64\Lib\site-packages\starlette\routing.py", line 716, in __call__
    await self.middleware_stack(scope, receive, send)
  File "C:\Users\HP\AppData\Local\Python\pythoncore-3.14-64\Lib\site-packages\starlette\routing.py", line 736, in app
    await route.handle(scope, receive, send)
  File "C:\Users\HP\AppData\Local\Python\pythoncore-3.14-64\Lib\site-packages\starlette\routing.py", line 290, in handle
    await self.app(scope, receive, send)
  File "C:\Users\HP\AppData\Local\Python\pythoncore-3.14-64\Lib\site-packages\fastapi\routing.py", line 130, in app
    await wrap_app_handling_exceptions(app, request)(scope, receive, send)
  File "C:\Users\HP\AppData\Local\Python\pythoncore-3.14-64\Lib\site-packages\starlette\_exception_handler.py", line 53, in wrapped_app
    raise exc
  File "C:\Users\HP\AppData\Local\Python\pythoncore-3.14-64\Lib\site-packages\starlette\_exception_handler.py", line 42, in wrapped_app
    await app(scope, receive, sender)
  File "C:\Users\HP\AppData\Local\Python\pythoncore-3.14-64\Lib\site-packages\fastapi\routing.py", line 116, in app
    response = await f(request)
               ^^^^^^^^^^^^^^^^
  File "C:\Users\HP\AppData\Local\Python\pythoncore-3.14-64\Lib\site-packages\fastapi\routing.py", line 670, in app
    raw_response = await run_endpoint_function(
                   ^^^^^^^^^^^^^^^^^^^^^^^^^^^^
    ...<3 lines>...
    )
    ^
  File "C:\Users\HP\AppData\Local\Python\pythoncore-3.14-64\Lib\site-packages\fastapi\routing.py", line 326, in run_endpoint_function
    return await run_in_threadpool(dependant.call, **values)
           ^^^^^^^^^^^^^^^^^^^^^^^^^^^^^^^^^^^^^^^^^^^^^^^^^
  File "C:\Users\HP\AppData\Local\Python\pythoncore-3.14-64\Lib\site-packages\starlette\concurrency.py", line 32, in run_in_threadpool
    return await anyio.to_thread.run_sync(func)
           ^^^^^^^^^^^^^^^^^^^^^^^^^^^^^^^^^^^^
  File "C:\Users\HP\AppData\Local\Python\pythoncore-3.14-64\Lib\site-packages\anyio\to_thread.py", line 63, in run_sync
    return await get_async_backend().run_sync_in_worker_thread(
           ^^^^^^^^^^^^^^^^^^^^^^^^^^^^^^^^^^^^^^^^^^^^^^^^^^^^
        func, args, abandon_on_cancel=abandon_on_cancel, limiter=limiter
        ^^^^^^^^^^^^^^^^^^^^^^^^^^^^^^^^^^^^^^^^^^^^^^^^^^^^^^^^^^^^^^^^
    )
    ^
  File "C:\Users\HP\AppData\Local\Python\pythoncore-3.14-64\Lib\site-packages\anyio\_backends\_asyncio.py", line 2502, in run_sync_in_worker_thread
    return await future
           ^^^^^^^^^^^^
  File "C:\Users\HP\AppData\Local\Python\pythoncore-3.14-64\Lib\site-packages\anyio\_backends\_asyncio.py", line 986, in run
    result = context.run(func, *args)
  File "C:\Users\HP\Desktop\backend_pfe\app\routes\auth.py", line 31, in register
    hashed_password=hash_password(user_data.password),
                    ~~~~~~~~~~~~~^^^^^^^^^^^^^^^^^^^^
  File "C:\Users\HP\Desktop\backend_pfe\app\auth\jwt.py", line 22, in hash_password
    return pwd_context.hash(password)
           ~~~~~~~~~~~~~~~~^^^^^^^^^^
  File "C:\Users\HP\AppData\Local\Python\pythoncore-3.14-64\Lib\site-packages\passlib\context.py", line 2258, in hash
    return record.hash(secret, **kwds)
           ~~~~~~~~~~~^^^^^^^^^^^^^^^^
  File "C:\Users\HP\AppData\Local\Python\pythoncore-3.14-64\Lib\site-packages\passlib\utils\handlers.py", line 779, in hash
    self.checksum = self._calc_checksum(secret)
                    ~~~~~~~~~~~~~~~~~~~^^^^^^^^
  File "C:\Users\HP\AppData\Local\Python\pythoncore-3.14-64\Lib\site-packages\passlib\handlers\bcrypt.py", line 591, in _calc_checksum
    self._stub_requires_backend()
    ~~~~~~~~~~~~~~~~~~~~~~~~~~~^^
  File "C:\Users\HP\AppData\Local\Python\pythoncore-3.14-64\Lib\site-packages\passlib\utils\handlers.py", line 2254, in _stub_requires_backend
    cls.set_backend()
    ~~~~~~~~~~~~~~~^^
  File "C:\Users\HP\AppData\Local\Python\pythoncore-3.14-64\Lib\site-packages\passlib\utils\handlers.py", line 2156, in set_backend
    return owner.set_backend(name, dryrun=dryrun)
           ~~~~~~~~~~~~~~~~~^^^^^^^^^^^^^^^^^^^^^
  File "C:\Users\HP\AppData\Local\Python\pythoncore-3.14-64\Lib\site-packages\passlib\utils\handlers.py", line 2163, in set_backend
    return cls.set_backend(name, dryrun=dryrun)
           ~~~~~~~~~~~~~~~^^^^^^^^^^^^^^^^^^^^^
  File "C:\Users\HP\AppData\Local\Python\pythoncore-3.14-64\Lib\site-packages\passlib\utils\handlers.py", line 2188, in set_backend
    cls._set_backend(name, dryrun)
    ~~~~~~~~~~~~~~~~^^^^^^^^^^^^^^
  File "C:\Users\HP\AppData\Local\Python\pythoncore-3.14-64\Lib\site-packages\passlib\utils\handlers.py", line 2311, in _set_backend
    super(SubclassBackendMixin, cls)._set_backend(name, dryrun)
    ~~~~~~~~~~~~~~~~~~~~~~~~~~~~~~~~~~~~~~~~~~~~~^^^^^^^^^^^^^^
  File "C:\Users\HP\AppData\Local\Python\pythoncore-3.14-64\Lib\site-packages\passlib\utils\handlers.py", line 2224, in _set_backend
    ok = loader(**kwds)
  File "C:\Users\HP\AppData\Local\Python\pythoncore-3.14-64\Lib\site-packages\passlib\handlers\bcrypt.py", line 626, in _load_backend_mixin
    return mixin_cls._finalize_backend_mixin(name, dryrun)
           ~~~~~~~~~~~~~~~~~~~~~~~~~~~~~~~~~^^^^^^^^^^^^^^
  File "C:\Users\HP\AppData\Local\Python\pythoncore-3.14-64\Lib\site-packages\passlib\handlers\bcrypt.py", line 421, in _finalize_backend_mixin
    if detect_wrap_bug(IDENT_2A):
       ~~~~~~~~~~~~~~~^^^^^^^^^^
  File "C:\Users\HP\AppData\Local\Python\pythoncore-3.14-64\Lib\site-packages\passlib\handlers\bcrypt.py", line 380, in detect_wrap_bug
    if verify(secret, bug_hash):
       ~~~~~~^^^^^^^^^^^^^^^^^^
  File "C:\Users\HP\AppData\Local\Python\pythoncore-3.14-64\Lib\site-packages\passlib\utils\handlers.py", line 792, in verify
    return consteq(self._calc_checksum(secret), chk)
                   ~~~~~~~~~~~~~~~~~~~^^^^^^^^
  File "C:\Users\HP\AppData\Local\Python\pythoncore-3.14-64\Lib\site-packages\passlib\handlers\bcrypt.py", line 655, in _calc_checksum
    hash = _bcrypt.hashpw(secret, config)
ValueError: password cannot be longer than 72 bytes, truncate manually if necessary (e.g. my_password[:72])
2026-04-17 16:04:59,181 | INFO | app.main | 🛑 Application shutdown
2026-04-17 16:05:01,684 | INFO | app.main | 🚀 Starting Petroleum Data API v1.0.0
2026-04-17 16:05:01,688 | INFO | app.database.session | Database tables initialized
2026-04-17 16:05:05,744 | INFO | app.main | 🛑 Application shutdown
2026-04-17 16:05:08,158 | INFO | app.main | 🚀 Starting Petroleum Data API v1.0.0
2026-04-17 16:05:08,162 | INFO | app.database.session | Database tables initialized
2026-04-17 16:05:14,556 | INFO | app.main | 🚀 Starting Petroleum Data API v1.0.0
2026-04-17 16:05:14,564 | INFO | app.database.session | Database tables initialized
2026-04-17 16:05:41,340 | INFO | app.main | 🛑 Application shutdown
2026-04-17 16:05:43,060 | INFO | app.main | 🛑 Application shutdown
2026-04-17 16:05:43,850 | INFO | app.main | 🚀 Starting Petroleum Data API v1.0.0
2026-04-17 16:05:43,850 | INFO | app.database.session | Database tables initialized
2026-04-17 16:05:45,930 | INFO | app.main | 🚀 Starting Petroleum Data API v1.0.0
2026-04-17 16:05:45,930 | INFO | app.database.session | Database tables initialized
2026-04-17 16:05:46,606 | INFO | app.main | 🚀 Starting Petroleum Data API v1.0.0
2026-04-17 16:05:46,611 | INFO | app.database.session | Database tables initialized
2026-04-17 16:05:48,382 | INFO | app.main | 🚀 Starting Petroleum Data API v1.0.0
2026-04-17 16:05:48,388 | INFO | app.database.session | Database tables initialized
2026-04-17 16:06:01,463 | INFO | app.main | 🛑 Application shutdown
2026-04-17 16:06:03,655 | INFO | app.main | 🚀 Starting Petroleum Data API v1.0.0
2026-04-17 16:06:03,659 | INFO | app.database.session | Database tables initialized
2026-04-17 16:06:06,011 | INFO | app.main | 🚀 Starting Petroleum Data API v1.0.0
2026-04-17 16:06:06,017 | INFO | app.database.session | Database tables initialized
2026-04-17 16:06:13,393 | WARNING | passlib.handlers.bcrypt | (trapped) error reading bcrypt version
Traceback (most recent call last):
  File "C:\Users\HP\AppData\Local\Python\pythoncore-3.14-64\Lib\site-packages\passlib\handlers\bcrypt.py", line 620, in _load_backend_mixin
    version = _bcrypt.__about__.__version__
              ^^^^^^^^^^^^^^^^^
AttributeError: module 'bcrypt' has no attribute '__about__'
2026-04-17 16:06:13,401 | ERROR | app.main | Unhandled exception: password cannot be longer than 72 bytes, truncate manually if necessary (e.g. my_password[:72])
Traceback (most recent call last):
  File "C:\Users\HP\AppData\Local\Python\pythoncore-3.14-64\Lib\site-packages\starlette\middleware\errors.py", line 164, in __call__
    await self.app(scope, receive, _send)
  File "C:\Users\HP\AppData\Local\Python\pythoncore-3.14-64\Lib\site-packages\starlette\middleware\cors.py", line 95, in __call__
    await self.simple_response(scope, receive, send, request_headers=headers)
  File "C:\Users\HP\AppData\Local\Python\pythoncore-3.14-64\Lib\site-packages\starlette\middleware\cors.py", line 153, in simple_response
    await self.app(scope, receive, send)
  File "C:\Users\HP\AppData\Local\Python\pythoncore-3.14-64\Lib\site-packages\starlette\middleware\exceptions.py", line 63, in __call__
    await wrap_app_handling_exceptions(self.app, conn)(scope, receive, send)
  File "C:\Users\HP\AppData\Local\Python\pythoncore-3.14-64\Lib\site-packages\starlette\_exception_handler.py", line 53, in wrapped_app
    raise exc
  File "C:\Users\HP\AppData\Local\Python\pythoncore-3.14-64\Lib\site-packages\starlette\_exception_handler.py", line 42, in wrapped_app
    await app(scope, receive, sender)
  File "C:\Users\HP\AppData\Local\Python\pythoncore-3.14-64\Lib\site-packages\fastapi\middleware\asyncexitstack.py", line 18, in __call__
    await self.app(scope, receive, send)
  File "C:\Users\HP\AppData\Local\Python\pythoncore-3.14-64\Lib\site-packages\starlette\routing.py", line 716, in __call__
    await self.middleware_stack(scope, receive, send)
  File "C:\Users\HP\AppData\Local\Python\pythoncore-3.14-64\Lib\site-packages\starlette\routing.py", line 736, in app
    await route.handle(scope, receive, send)
  File "C:\Users\HP\AppData\Local\Python\pythoncore-3.14-64\Lib\site-packages\starlette\routing.py", line 290, in handle
    await self.app(scope, receive, send)
  File "C:\Users\HP\AppData\Local\Python\pythoncore-3.14-64\Lib\site-packages\fastapi\routing.py", line 130, in app
    await wrap_app_handling_exceptions(app, request)(scope, receive, send)
  File "C:\Users\HP\AppData\Local\Python\pythoncore-3.14-64\Lib\site-packages\starlette\_exception_handler.py", line 53, in wrapped_app
    raise exc
  File "C:\Users\HP\AppData\Local\Python\pythoncore-3.14-64\Lib\site-packages\starlette\_exception_handler.py", line 42, in wrapped_app
    await app(scope, receive, sender)
  File "C:\Users\HP\AppData\Local\Python\pythoncore-3.14-64\Lib\site-packages\fastapi\routing.py", line 116, in app
    response = await f(request)
               ^^^^^^^^^^^^^^^^
  File "C:\Users\HP\AppData\Local\Python\pythoncore-3.14-64\Lib\site-packages\fastapi\routing.py", line 670, in app
    raw_response = await run_endpoint_function(
                   ^^^^^^^^^^^^^^^^^^^^^^^^^^^^
    ...<3 lines>...
    )
    ^
  File "C:\Users\HP\AppData\Local\Python\pythoncore-3.14-64\Lib\site-packages\fastapi\routing.py", line 326, in run_endpoint_function
    return await run_in_threadpool(dependant.call, **values)
           ^^^^^^^^^^^^^^^^^^^^^^^^^^^^^^^^^^^^^^^^^^^^^^^^^
  File "C:\Users\HP\AppData\Local\Python\pythoncore-3.14-64\Lib\site-packages\starlette\concurrency.py", line 32, in run_in_threadpool
    return await anyio.to_thread.run_sync(func)
           ^^^^^^^^^^^^^^^^^^^^^^^^^^^^^^^^^^^^
  File "C:\Users\HP\AppData\Local\Python\pythoncore-3.14-64\Lib\site-packages\anyio\to_thread.py", line 63, in run_sync
    return await get_async_backend().run_sync_in_worker_thread(
           ^^^^^^^^^^^^^^^^^^^^^^^^^^^^^^^^^^^^^^^^^^^^^^^^^^^^
        func, args, abandon_on_cancel=abandon_on_cancel, limiter=limiter
        ^^^^^^^^^^^^^^^^^^^^^^^^^^^^^^^^^^^^^^^^^^^^^^^^^^^^^^^^^^^^^^^^
    )
    ^
  File "C:\Users\HP\AppData\Local\Python\pythoncore-3.14-64\Lib\site-packages\anyio\_backends\_asyncio.py", line 2502, in run_sync_in_worker_thread
    return await future
           ^^^^^^^^^^^^
  File "C:\Users\HP\AppData\Local\Python\pythoncore-3.14-64\Lib\site-packages\anyio\_backends\_asyncio.py", line 986, in run
    result = context.run(func, *args)
  File "C:\Users\HP\Desktop\backend_pfe\app\routes\auth.py", line 43, in register
    raise e
  File "C:\Users\HP\Desktop\backend_pfe\app\routes\auth.py", line 32, in register
    hashed_password=hash_password(user_data.password),
                    ~~~~~~~~~~~~~^^^^^^^^^^^^^^^^^^^^
  File "C:\Users\HP\Desktop\backend_pfe\app\auth\jwt.py", line 22, in hash_password
    return pwd_context.hash(password)
           ~~~~~~~~~~~~~~~~^^^^^^^^^^
  File "C:\Users\HP\AppData\Local\Python\pythoncore-3.14-64\Lib\site-packages\passlib\context.py", line 2258, in hash
    return record.hash(secret, **kwds)
           ~~~~~~~~~~~^^^^^^^^^^^^^^^^
  File "C:\Users\HP\AppData\Local\Python\pythoncore-3.14-64\Lib\site-packages\passlib\utils\handlers.py", line 779, in hash
    self.checksum = self._calc_checksum(secret)
                    ~~~~~~~~~~~~~~~~~~~^^^^^^^^
  File "C:\Users\HP\AppData\Local\Python\pythoncore-3.14-64\Lib\site-packages\passlib\handlers\bcrypt.py", line 591, in _calc_checksum
    self._stub_requires_backend()
    ~~~~~~~~~~~~~~~~~~~~~~~~~~~^^
  File "C:\Users\HP\AppData\Local\Python\pythoncore-3.14-64\Lib\site-packages\passlib\utils\handlers.py", line 2254, in _stub_requires_backend
    cls.set_backend()
    ~~~~~~~~~~~~~~~^^
  File "C:\Users\HP\AppData\Local\Python\pythoncore-3.14-64\Lib\site-packages\passlib\utils\handlers.py", line 2156, in set_backend
    return owner.set_backend(name, dryrun=dryrun)
           ~~~~~~~~~~~~~~~~~^^^^^^^^^^^^^^^^^^^^^
  File "C:\Users\HP\AppData\Local\Python\pythoncore-3.14-64\Lib\site-packages\passlib\utils\handlers.py", line 2163, in set_backend
    return cls.set_backend(name, dryrun=dryrun)
           ~~~~~~~~~~~~~~~^^^^^^^^^^^^^^^^^^^^^
  File "C:\Users\HP\AppData\Local\Python\pythoncore-3.14-64\Lib\site-packages\passlib\utils\handlers.py", line 2188, in set_backend
    cls._set_backend(name, dryrun)
    ~~~~~~~~~~~~~~~~^^^^^^^^^^^^^^
  File "C:\Users\HP\AppData\Local\Python\pythoncore-3.14-64\Lib\site-packages\passlib\utils\handlers.py", line 2311, in _set_backend
    super(SubclassBackendMixin, cls)._set_backend(name, dryrun)
    ~~~~~~~~~~~~~~~~~~~~~~~~~~~~~~~~~~~~~~~~~~~~~^^^^^^^^^^^^^^
  File "C:\Users\HP\AppData\Local\Python\pythoncore-3.14-64\Lib\site-packages\passlib\utils\handlers.py", line 2224, in _set_backend
    ok = loader(**kwds)
  File "C:\Users\HP\AppData\Local\Python\pythoncore-3.14-64\Lib\site-packages\passlib\handlers\bcrypt.py", line 626, in _load_backend_mixin
    return mixin_cls._finalize_backend_mixin(name, dryrun)
           ~~~~~~~~~~~~~~~~~~~~~~~~~~~~~~~~~^^^^^^^^^^^^^^
  File "C:\Users\HP\AppData\Local\Python\pythoncore-3.14-64\Lib\site-packages\passlib\handlers\bcrypt.py", line 421, in _finalize_backend_mixin
    if detect_wrap_bug(IDENT_2A):
       ~~~~~~~~~~~~~~~^^^^^^^^^^
  File "C:\Users\HP\AppData\Local\Python\pythoncore-3.14-64\Lib\site-packages\passlib\handlers\bcrypt.py", line 380, in detect_wrap_bug
    if verify(secret, bug_hash):
       ~~~~~~^^^^^^^^^^^^^^^^^^
  File "C:\Users\HP\AppData\Local\Python\pythoncore-3.14-64\Lib\site-packages\passlib\utils\handlers.py", line 792, in verify
    return consteq(self._calc_checksum(secret), chk)
                   ~~~~~~~~~~~~~~~~~~~^^^^^^^^
  File "C:\Users\HP\AppData\Local\Python\pythoncore-3.14-64\Lib\site-packages\passlib\handlers\bcrypt.py", line 655, in _calc_checksum
    hash = _bcrypt.hashpw(secret, config)
ValueError: password cannot be longer than 72 bytes, truncate manually if necessary (e.g. my_password[:72])
2026-04-17 16:06:23,532 | INFO | app.main | 🛑 Application shutdown
2026-04-17 16:06:38,441 | INFO | app.main | 🛑 Application shutdown
2026-04-17 16:06:41,842 | INFO | app.main | 🚀 Starting Petroleum Data API v1.0.0
2026-04-17 16:06:41,846 | INFO | app.database.session | Database tables initialized
2026-04-17 16:06:58,819 | INFO | app.main | 🛑 Application shutdown
2026-04-17 16:06:58,819 | INFO | app.main | 🛑 Application shutdown
2026-04-17 16:07:02,506 | INFO | app.main | 🚀 Starting Petroleum Data API v1.0.0
2026-04-17 16:07:02,517 | INFO | app.database.session | Database tables initialized
2026-04-17 16:07:02,527 | INFO | app.main | 🚀 Starting Petroleum Data API v1.0.0
2026-04-17 16:07:02,531 | INFO | app.database.session | Database tables initialized
2026-04-17 16:07:02,538 | INFO | app.main | 🚀 Starting Petroleum Data API v1.0.0
2026-04-17 16:07:02,542 | INFO | app.database.session | Database tables initialized
2026-04-17 16:09:48,215 | INFO | app.main | 🛑 Application shutdown
2026-04-17 16:09:57,046 | INFO | app.main | 🚀 Starting Petroleum Data API v1.0.0
2026-04-17 16:09:57,054 | INFO | app.database.session | Database tables initialized
2026-04-17 16:10:00,773 | INFO | app.main | 🚀 Starting Petroleum Data API v1.0.0
2026-04-17 16:10:00,777 | INFO | app.database.session | Database tables initialized
2026-04-17 16:10:44,299 | INFO | app.main | 🛑 Application shutdown
2026-04-17 16:10:46,384 | INFO | app.main | 🛑 Application shutdown
2026-04-17 16:10:46,507 | INFO | app.main | 🚀 Starting Petroleum Data API v1.0.0
2026-04-17 16:10:46,521 | INFO | app.database.session | Database tables initialized
2026-04-17 16:10:48,662 | INFO | app.main | 🚀 Starting Petroleum Data API v1.0.0
2026-04-17 16:10:48,665 | INFO | app.database.session | Database tables initialized
2026-04-17 16:10:54,497 | WARNING | passlib.handlers.bcrypt | (trapped) error reading bcrypt version
Traceback (most recent call last):
  File "C:\Users\HP\AppData\Local\Python\pythoncore-3.14-64\Lib\site-packages\passlib\handlers\bcrypt.py", line 620, in _load_backend_mixin
    version = _bcrypt.__about__.__version__
              ^^^^^^^^^^^^^^^^^
AttributeError: module 'bcrypt' has no attribute '__about__'
2026-04-17 16:10:54,506 | ERROR | app.main | Unhandled exception: password cannot be longer than 72 bytes, truncate manually if necessary (e.g. my_password[:72])
Traceback (most recent call last):
  File "C:\Users\HP\AppData\Local\Python\pythoncore-3.14-64\Lib\site-packages\starlette\middleware\errors.py", line 164, in __call__
    await self.app(scope, receive, _send)
  File "C:\Users\HP\AppData\Local\Python\pythoncore-3.14-64\Lib\site-packages\starlette\middleware\cors.py", line 95, in __call__
    await self.simple_response(scope, receive, send, request_headers=headers)
  File "C:\Users\HP\AppData\Local\Python\pythoncore-3.14-64\Lib\site-packages\starlette\middleware\cors.py", line 153, in simple_response
    await self.app(scope, receive, send)
  File "C:\Users\HP\AppData\Local\Python\pythoncore-3.14-64\Lib\site-packages\starlette\middleware\exceptions.py", line 63, in __call__
    await wrap_app_handling_exceptions(self.app, conn)(scope, receive, send)
  File "C:\Users\HP\AppData\Local\Python\pythoncore-3.14-64\Lib\site-packages\starlette\_exception_handler.py", line 53, in wrapped_app
    raise exc
  File "C:\Users\HP\AppData\Local\Python\pythoncore-3.14-64\Lib\site-packages\starlette\_exception_handler.py", line 42, in wrapped_app
    await app(scope, receive, sender)
  File "C:\Users\HP\AppData\Local\Python\pythoncore-3.14-64\Lib\site-packages\fastapi\middleware\asyncexitstack.py", line 18, in __call__
    await self.app(scope, receive, send)
  File "C:\Users\HP\AppData\Local\Python\pythoncore-3.14-64\Lib\site-packages\starlette\routing.py", line 716, in __call__
    await self.middleware_stack(scope, receive, send)
  File "C:\Users\HP\AppData\Local\Python\pythoncore-3.14-64\Lib\site-packages\starlette\routing.py", line 736, in app
    await route.handle(scope, receive, send)
  File "C:\Users\HP\AppData\Local\Python\pythoncore-3.14-64\Lib\site-packages\starlette\routing.py", line 290, in handle
    await self.app(scope, receive, send)
  File "C:\Users\HP\AppData\Local\Python\pythoncore-3.14-64\Lib\site-packages\fastapi\routing.py", line 130, in app
    await wrap_app_handling_exceptions(app, request)(scope, receive, send)
  File "C:\Users\HP\AppData\Local\Python\pythoncore-3.14-64\Lib\site-packages\starlette\_exception_handler.py", line 53, in wrapped_app
    raise exc
  File "C:\Users\HP\AppData\Local\Python\pythoncore-3.14-64\Lib\site-packages\starlette\_exception_handler.py", line 42, in wrapped_app
    await app(scope, receive, sender)
  File "C:\Users\HP\AppData\Local\Python\pythoncore-3.14-64\Lib\site-packages\fastapi\routing.py", line 116, in app
    response = await f(request)
               ^^^^^^^^^^^^^^^^
  File "C:\Users\HP\AppData\Local\Python\pythoncore-3.14-64\Lib\site-packages\fastapi\routing.py", line 670, in app
    raw_response = await run_endpoint_function(
                   ^^^^^^^^^^^^^^^^^^^^^^^^^^^^
    ...<3 lines>...
    )
    ^
  File "C:\Users\HP\AppData\Local\Python\pythoncore-3.14-64\Lib\site-packages\fastapi\routing.py", line 326, in run_endpoint_function
    return await run_in_threadpool(dependant.call, **values)
           ^^^^^^^^^^^^^^^^^^^^^^^^^^^^^^^^^^^^^^^^^^^^^^^^^
  File "C:\Users\HP\AppData\Local\Python\pythoncore-3.14-64\Lib\site-packages\starlette\concurrency.py", line 32, in run_in_threadpool
    return await anyio.to_thread.run_sync(func)
           ^^^^^^^^^^^^^^^^^^^^^^^^^^^^^^^^^^^^
  File "C:\Users\HP\AppData\Local\Python\pythoncore-3.14-64\Lib\site-packages\anyio\to_thread.py", line 63, in run_sync
    return await get_async_backend().run_sync_in_worker_thread(
           ^^^^^^^^^^^^^^^^^^^^^^^^^^^^^^^^^^^^^^^^^^^^^^^^^^^^
        func, args, abandon_on_cancel=abandon_on_cancel, limiter=limiter
        ^^^^^^^^^^^^^^^^^^^^^^^^^^^^^^^^^^^^^^^^^^^^^^^^^^^^^^^^^^^^^^^^
    )
    ^
  File "C:\Users\HP\AppData\Local\Python\pythoncore-3.14-64\Lib\site-packages\anyio\_backends\_asyncio.py", line 2502, in run_sync_in_worker_thread
    return await future
           ^^^^^^^^^^^^
  File "C:\Users\HP\AppData\Local\Python\pythoncore-3.14-64\Lib\site-packages\anyio\_backends\_asyncio.py", line 986, in run
    result = context.run(func, *args)
  File "C:\Users\HP\Desktop\backend_pfe\app\routes\auth.py", line 43, in register
    raise e
  File "C:\Users\HP\Desktop\backend_pfe\app\routes\auth.py", line 32, in register
    hashed_password=hash_password(user_data.password),
                    ~~~~~~~~~~~~~^^^^^^^^^^^^^^^^^^^^
  File "C:\Users\HP\Desktop\backend_pfe\app\auth\jwt.py", line 22, in hash_password
    return pwd_context.hash(password)
           ~~~~~~~~~~~~~~~~^^^^^^^^^^
  File "C:\Users\HP\AppData\Local\Python\pythoncore-3.14-64\Lib\site-packages\passlib\context.py", line 2258, in hash
    return record.hash(secret, **kwds)
           ~~~~~~~~~~~^^^^^^^^^^^^^^^^
  File "C:\Users\HP\AppData\Local\Python\pythoncore-3.14-64\Lib\site-packages\passlib\utils\handlers.py", line 779, in hash
    self.checksum = self._calc_checksum(secret)
                    ~~~~~~~~~~~~~~~~~~~^^^^^^^^
  File "C:\Users\HP\AppData\Local\Python\pythoncore-3.14-64\Lib\site-packages\passlib\handlers\bcrypt.py", line 591, in _calc_checksum
    self._stub_requires_backend()
    ~~~~~~~~~~~~~~~~~~~~~~~~~~~^^
  File "C:\Users\HP\AppData\Local\Python\pythoncore-3.14-64\Lib\site-packages\passlib\utils\handlers.py", line 2254, in _stub_requires_backend
    cls.set_backend()
    ~~~~~~~~~~~~~~~^^
  File "C:\Users\HP\AppData\Local\Python\pythoncore-3.14-64\Lib\site-packages\passlib\utils\handlers.py", line 2156, in set_backend
    return owner.set_backend(name, dryrun=dryrun)
           ~~~~~~~~~~~~~~~~~^^^^^^^^^^^^^^^^^^^^^
  File "C:\Users\HP\AppData\Local\Python\pythoncore-3.14-64\Lib\site-packages\passlib\utils\handlers.py", line 2163, in set_backend
    return cls.set_backend(name, dryrun=dryrun)
           ~~~~~~~~~~~~~~~^^^^^^^^^^^^^^^^^^^^^
  File "C:\Users\HP\AppData\Local\Python\pythoncore-3.14-64\Lib\site-packages\passlib\utils\handlers.py", line 2188, in set_backend
    cls._set_backend(name, dryrun)
    ~~~~~~~~~~~~~~~~^^^^^^^^^^^^^^
  File "C:\Users\HP\AppData\Local\Python\pythoncore-3.14-64\Lib\site-packages\passlib\utils\handlers.py", line 2311, in _set_backend
    super(SubclassBackendMixin, cls)._set_backend(name, dryrun)
    ~~~~~~~~~~~~~~~~~~~~~~~~~~~~~~~~~~~~~~~~~~~~~^^^^^^^^^^^^^^
  File "C:\Users\HP\AppData\Local\Python\pythoncore-3.14-64\Lib\site-packages\passlib\utils\handlers.py", line 2224, in _set_backend
    ok = loader(**kwds)
  File "C:\Users\HP\AppData\Local\Python\pythoncore-3.14-64\Lib\site-packages\passlib\handlers\bcrypt.py", line 626, in _load_backend_mixin
    return mixin_cls._finalize_backend_mixin(name, dryrun)
           ~~~~~~~~~~~~~~~~~~~~~~~~~~~~~~~~~^^^^^^^^^^^^^^
  File "C:\Users\HP\AppData\Local\Python\pythoncore-3.14-64\Lib\site-packages\passlib\handlers\bcrypt.py", line 421, in _finalize_backend_mixin
    if detect_wrap_bug(IDENT_2A):
       ~~~~~~~~~~~~~~~^^^^^^^^^^
  File "C:\Users\HP\AppData\Local\Python\pythoncore-3.14-64\Lib\site-packages\passlib\handlers\bcrypt.py", line 380, in detect_wrap_bug
    if verify(secret, bug_hash):
       ~~~~~~^^^^^^^^^^^^^^^^^^
  File "C:\Users\HP\AppData\Local\Python\pythoncore-3.14-64\Lib\site-packages\passlib\utils\handlers.py", line 792, in verify
    return consteq(self._calc_checksum(secret), chk)
                   ~~~~~~~~~~~~~~~~~~~^^^^^^^^
  File "C:\Users\HP\AppData\Local\Python\pythoncore-3.14-64\Lib\site-packages\passlib\handlers\bcrypt.py", line 655, in _calc_checksum
    hash = _bcrypt.hashpw(secret, config)
ValueError: password cannot be longer than 72 bytes, truncate manually if necessary (e.g. my_password[:72])
2026-04-17 16:11:04,060 | INFO | app.main | 🛑 Application shutdown
2026-04-17 16:11:06,305 | INFO | app.main | 🚀 Starting Petroleum Data API v1.0.0
2026-04-17 16:11:06,309 | INFO | app.database.session | Database tables initialized
2026-04-17 16:11:07,132 | WARNING | passlib.handlers.bcrypt | (trapped) error reading bcrypt version
Traceback (most recent call last):
  File "C:\Users\HP\AppData\Local\Python\pythoncore-3.14-64\Lib\site-packages\passlib\handlers\bcrypt.py", line 620, in _load_backend_mixin
    version = _bcrypt.__about__.__version__
              ^^^^^^^^^^^^^^^^^
AttributeError: module 'bcrypt' has no attribute '__about__'
2026-04-17 16:11:07,144 | ERROR | app.main | Unhandled exception: password cannot be longer than 72 bytes, truncate manually if necessary (e.g. my_password[:72])
Traceback (most recent call last):
  File "C:\Users\HP\AppData\Local\Python\pythoncore-3.14-64\Lib\site-packages\starlette\middleware\errors.py", line 164, in __call__
    await self.app(scope, receive, _send)
  File "C:\Users\HP\AppData\Local\Python\pythoncore-3.14-64\Lib\site-packages\starlette\middleware\cors.py", line 95, in __call__
    await self.simple_response(scope, receive, send, request_headers=headers)
  File "C:\Users\HP\AppData\Local\Python\pythoncore-3.14-64\Lib\site-packages\starlette\middleware\cors.py", line 153, in simple_response
    await self.app(scope, receive, send)
  File "C:\Users\HP\AppData\Local\Python\pythoncore-3.14-64\Lib\site-packages\starlette\middleware\exceptions.py", line 63, in __call__
    await wrap_app_handling_exceptions(self.app, conn)(scope, receive, send)
  File "C:\Users\HP\AppData\Local\Python\pythoncore-3.14-64\Lib\site-packages\starlette\_exception_handler.py", line 53, in wrapped_app
    raise exc
  File "C:\Users\HP\AppData\Local\Python\pythoncore-3.14-64\Lib\site-packages\starlette\_exception_handler.py", line 42, in wrapped_app
    await app(scope, receive, sender)
  File "C:\Users\HP\AppData\Local\Python\pythoncore-3.14-64\Lib\site-packages\fastapi\middleware\asyncexitstack.py", line 18, in __call__
    await self.app(scope, receive, send)
  File "C:\Users\HP\AppData\Local\Python\pythoncore-3.14-64\Lib\site-packages\starlette\routing.py", line 716, in __call__
    await self.middleware_stack(scope, receive, send)
  File "C:\Users\HP\AppData\Local\Python\pythoncore-3.14-64\Lib\site-packages\starlette\routing.py", line 736, in app
    await route.handle(scope, receive, send)
  File "C:\Users\HP\AppData\Local\Python\pythoncore-3.14-64\Lib\site-packages\starlette\routing.py", line 290, in handle
    await self.app(scope, receive, send)
  File "C:\Users\HP\AppData\Local\Python\pythoncore-3.14-64\Lib\site-packages\fastapi\routing.py", line 130, in app
    await wrap_app_handling_exceptions(app, request)(scope, receive, send)
  File "C:\Users\HP\AppData\Local\Python\pythoncore-3.14-64\Lib\site-packages\starlette\_exception_handler.py", line 53, in wrapped_app
    raise exc
  File "C:\Users\HP\AppData\Local\Python\pythoncore-3.14-64\Lib\site-packages\starlette\_exception_handler.py", line 42, in wrapped_app
    await app(scope, receive, sender)
  File "C:\Users\HP\AppData\Local\Python\pythoncore-3.14-64\Lib\site-packages\fastapi\routing.py", line 116, in app
    response = await f(request)
               ^^^^^^^^^^^^^^^^
  File "C:\Users\HP\AppData\Local\Python\pythoncore-3.14-64\Lib\site-packages\fastapi\routing.py", line 670, in app
    raw_response = await run_endpoint_function(
                   ^^^^^^^^^^^^^^^^^^^^^^^^^^^^
    ...<3 lines>...
    )
    ^
  File "C:\Users\HP\AppData\Local\Python\pythoncore-3.14-64\Lib\site-packages\fastapi\routing.py", line 326, in run_endpoint_function
    return await run_in_threadpool(dependant.call, **values)
           ^^^^^^^^^^^^^^^^^^^^^^^^^^^^^^^^^^^^^^^^^^^^^^^^^
  File "C:\Users\HP\AppData\Local\Python\pythoncore-3.14-64\Lib\site-packages\starlette\concurrency.py", line 32, in run_in_threadpool
    return await anyio.to_thread.run_sync(func)
           ^^^^^^^^^^^^^^^^^^^^^^^^^^^^^^^^^^^^
  File "C:\Users\HP\AppData\Local\Python\pythoncore-3.14-64\Lib\site-packages\anyio\to_thread.py", line 63, in run_sync
    return await get_async_backend().run_sync_in_worker_thread(
           ^^^^^^^^^^^^^^^^^^^^^^^^^^^^^^^^^^^^^^^^^^^^^^^^^^^^
        func, args, abandon_on_cancel=abandon_on_cancel, limiter=limiter
        ^^^^^^^^^^^^^^^^^^^^^^^^^^^^^^^^^^^^^^^^^^^^^^^^^^^^^^^^^^^^^^^^
    )
    ^
  File "C:\Users\HP\AppData\Local\Python\pythoncore-3.14-64\Lib\site-packages\anyio\_backends\_asyncio.py", line 2502, in run_sync_in_worker_thread
    return await future
           ^^^^^^^^^^^^
  File "C:\Users\HP\AppData\Local\Python\pythoncore-3.14-64\Lib\site-packages\anyio\_backends\_asyncio.py", line 986, in run
    result = context.run(func, *args)
  File "C:\Users\HP\Desktop\backend_pfe\app\routes\auth.py", line 43, in register
    raise e
  File "C:\Users\HP\Desktop\backend_pfe\app\routes\auth.py", line 32, in register
    hashed_password=hash_password(user_data.password),
                    ~~~~~~~~~~~~~^^^^^^^^^^^^^^^^^^^^
  File "C:\Users\HP\Desktop\backend_pfe\app\auth\jwt.py", line 22, in hash_password
    return pwd_context.hash(password)
           ~~~~~~~~~~~~~~~~^^^^^^^^^^
  File "C:\Users\HP\AppData\Local\Python\pythoncore-3.14-64\Lib\site-packages\passlib\context.py", line 2258, in hash
    return record.hash(secret, **kwds)
           ~~~~~~~~~~~^^^^^^^^^^^^^^^^
  File "C:\Users\HP\AppData\Local\Python\pythoncore-3.14-64\Lib\site-packages\passlib\utils\handlers.py", line 779, in hash
    self.checksum = self._calc_checksum(secret)
                    ~~~~~~~~~~~~~~~~~~~^^^^^^^^
  File "C:\Users\HP\AppData\Local\Python\pythoncore-3.14-64\Lib\site-packages\passlib\handlers\bcrypt.py", line 591, in _calc_checksum
    self._stub_requires_backend()
    ~~~~~~~~~~~~~~~~~~~~~~~~~~~^^
  File "C:\Users\HP\AppData\Local\Python\pythoncore-3.14-64\Lib\site-packages\passlib\utils\handlers.py", line 2254, in _stub_requires_backend
    cls.set_backend()
    ~~~~~~~~~~~~~~~^^
  File "C:\Users\HP\AppData\Local\Python\pythoncore-3.14-64\Lib\site-packages\passlib\utils\handlers.py", line 2156, in set_backend
    return owner.set_backend(name, dryrun=dryrun)
           ~~~~~~~~~~~~~~~~~^^^^^^^^^^^^^^^^^^^^^
  File "C:\Users\HP\AppData\Local\Python\pythoncore-3.14-64\Lib\site-packages\passlib\utils\handlers.py", line 2163, in set_backend
    return cls.set_backend(name, dryrun=dryrun)
           ~~~~~~~~~~~~~~~^^^^^^^^^^^^^^^^^^^^^
  File "C:\Users\HP\AppData\Local\Python\pythoncore-3.14-64\Lib\site-packages\passlib\utils\handlers.py", line 2188, in set_backend
    cls._set_backend(name, dryrun)
    ~~~~~~~~~~~~~~~~^^^^^^^^^^^^^^
  File "C:\Users\HP\AppData\Local\Python\pythoncore-3.14-64\Lib\site-packages\passlib\utils\handlers.py", line 2311, in _set_backend
    super(SubclassBackendMixin, cls)._set_backend(name, dryrun)
    ~~~~~~~~~~~~~~~~~~~~~~~~~~~~~~~~~~~~~~~~~~~~~^^^^^^^^^^^^^^
  File "C:\Users\HP\AppData\Local\Python\pythoncore-3.14-64\Lib\site-packages\passlib\utils\handlers.py", line 2224, in _set_backend
    ok = loader(**kwds)
  File "C:\Users\HP\AppData\Local\Python\pythoncore-3.14-64\Lib\site-packages\passlib\handlers\bcrypt.py", line 626, in _load_backend_mixin
    return mixin_cls._finalize_backend_mixin(name, dryrun)
           ~~~~~~~~~~~~~~~~~~~~~~~~~~~~~~~~~^^^^^^^^^^^^^^
  File "C:\Users\HP\AppData\Local\Python\pythoncore-3.14-64\Lib\site-packages\passlib\handlers\bcrypt.py", line 421, in _finalize_backend_mixin
    if detect_wrap_bug(IDENT_2A):
       ~~~~~~~~~~~~~~~^^^^^^^^^^
  File "C:\Users\HP\AppData\Local\Python\pythoncore-3.14-64\Lib\site-packages\passlib\handlers\bcrypt.py", line 380, in detect_wrap_bug
    if verify(secret, bug_hash):
       ~~~~~~^^^^^^^^^^^^^^^^^^
  File "C:\Users\HP\AppData\Local\Python\pythoncore-3.14-64\Lib\site-packages\passlib\utils\handlers.py", line 792, in verify
    return consteq(self._calc_checksum(secret), chk)
                   ~~~~~~~~~~~~~~~~~~~^^^^^^^^
  File "C:\Users\HP\AppData\Local\Python\pythoncore-3.14-64\Lib\site-packages\passlib\handlers\bcrypt.py", line 655, in _calc_checksum
    hash = _bcrypt.hashpw(secret, config)
ValueError: password cannot be longer than 72 bytes, truncate manually if necessary (e.g. my_password[:72])
2026-04-17 16:11:39,287 | INFO | app.main | 🛑 Application shutdown
2026-04-17 16:11:41,430 | INFO | app.main | 🚀 Starting Petroleum Data API v1.0.0
2026-04-17 16:11:41,433 | INFO | app.database.session | Database tables initialized
2026-04-17 16:11:52,398 | WARNING | passlib.handlers.bcrypt | (trapped) error reading bcrypt version
Traceback (most recent call last):
  File "C:\Users\HP\AppData\Local\Python\pythoncore-3.14-64\Lib\site-packages\passlib\handlers\bcrypt.py", line 620, in _load_backend_mixin
    version = _bcrypt.__about__.__version__
              ^^^^^^^^^^^^^^^^^
AttributeError: module 'bcrypt' has no attribute '__about__'
2026-04-17 16:11:52,407 | ERROR | app.main | Unhandled exception: password cannot be longer than 72 bytes, truncate manually if necessary (e.g. my_password[:72])
Traceback (most recent call last):
  File "C:\Users\HP\AppData\Local\Python\pythoncore-3.14-64\Lib\site-packages\starlette\middleware\errors.py", line 164, in __call__
    await self.app(scope, receive, _send)
  File "C:\Users\HP\AppData\Local\Python\pythoncore-3.14-64\Lib\site-packages\starlette\middleware\cors.py", line 95, in __call__
    await self.simple_response(scope, receive, send, request_headers=headers)
  File "C:\Users\HP\AppData\Local\Python\pythoncore-3.14-64\Lib\site-packages\starlette\middleware\cors.py", line 153, in simple_response
    await self.app(scope, receive, send)
  File "C:\Users\HP\AppData\Local\Python\pythoncore-3.14-64\Lib\site-packages\starlette\middleware\exceptions.py", line 63, in __call__
    await wrap_app_handling_exceptions(self.app, conn)(scope, receive, send)
  File "C:\Users\HP\AppData\Local\Python\pythoncore-3.14-64\Lib\site-packages\starlette\_exception_handler.py", line 53, in wrapped_app
    raise exc
  File "C:\Users\HP\AppData\Local\Python\pythoncore-3.14-64\Lib\site-packages\starlette\_exception_handler.py", line 42, in wrapped_app
    await app(scope, receive, sender)
  File "C:\Users\HP\AppData\Local\Python\pythoncore-3.14-64\Lib\site-packages\fastapi\middleware\asyncexitstack.py", line 18, in __call__
    await self.app(scope, receive, send)
  File "C:\Users\HP\AppData\Local\Python\pythoncore-3.14-64\Lib\site-packages\starlette\routing.py", line 716, in __call__
    await self.middleware_stack(scope, receive, send)
  File "C:\Users\HP\AppData\Local\Python\pythoncore-3.14-64\Lib\site-packages\starlette\routing.py", line 736, in app
    await route.handle(scope, receive, send)
  File "C:\Users\HP\AppData\Local\Python\pythoncore-3.14-64\Lib\site-packages\starlette\routing.py", line 290, in handle
    await self.app(scope, receive, send)
  File "C:\Users\HP\AppData\Local\Python\pythoncore-3.14-64\Lib\site-packages\fastapi\routing.py", line 130, in app
    await wrap_app_handling_exceptions(app, request)(scope, receive, send)
  File "C:\Users\HP\AppData\Local\Python\pythoncore-3.14-64\Lib\site-packages\starlette\_exception_handler.py", line 53, in wrapped_app
    raise exc
  File "C:\Users\HP\AppData\Local\Python\pythoncore-3.14-64\Lib\site-packages\starlette\_exception_handler.py", line 42, in wrapped_app
    await app(scope, receive, sender)
  File "C:\Users\HP\AppData\Local\Python\pythoncore-3.14-64\Lib\site-packages\fastapi\routing.py", line 116, in app
    response = await f(request)
               ^^^^^^^^^^^^^^^^
  File "C:\Users\HP\AppData\Local\Python\pythoncore-3.14-64\Lib\site-packages\fastapi\routing.py", line 670, in app
    raw_response = await run_endpoint_function(
                   ^^^^^^^^^^^^^^^^^^^^^^^^^^^^
    ...<3 lines>...
    )
    ^
  File "C:\Users\HP\AppData\Local\Python\pythoncore-3.14-64\Lib\site-packages\fastapi\routing.py", line 326, in run_endpoint_function
    return await run_in_threadpool(dependant.call, **values)
           ^^^^^^^^^^^^^^^^^^^^^^^^^^^^^^^^^^^^^^^^^^^^^^^^^
  File "C:\Users\HP\AppData\Local\Python\pythoncore-3.14-64\Lib\site-packages\starlette\concurrency.py", line 32, in run_in_threadpool
    return await anyio.to_thread.run_sync(func)
           ^^^^^^^^^^^^^^^^^^^^^^^^^^^^^^^^^^^^
  File "C:\Users\HP\AppData\Local\Python\pythoncore-3.14-64\Lib\site-packages\anyio\to_thread.py", line 63, in run_sync
    return await get_async_backend().run_sync_in_worker_thread(
           ^^^^^^^^^^^^^^^^^^^^^^^^^^^^^^^^^^^^^^^^^^^^^^^^^^^^
        func, args, abandon_on_cancel=abandon_on_cancel, limiter=limiter
        ^^^^^^^^^^^^^^^^^^^^^^^^^^^^^^^^^^^^^^^^^^^^^^^^^^^^^^^^^^^^^^^^
    )
    ^
  File "C:\Users\HP\AppData\Local\Python\pythoncore-3.14-64\Lib\site-packages\anyio\_backends\_asyncio.py", line 2502, in run_sync_in_worker_thread
    return await future
           ^^^^^^^^^^^^
  File "C:\Users\HP\AppData\Local\Python\pythoncore-3.14-64\Lib\site-packages\anyio\_backends\_asyncio.py", line 986, in run
    result = context.run(func, *args)
  File "C:\Users\HP\Desktop\backend_pfe\app\routes\auth.py", line 43, in register
    raise e
  File "C:\Users\HP\Desktop\backend_pfe\app\routes\auth.py", line 32, in register
    hashed_password=hash_password(user_data.password),
                    ~~~~~~~~~~~~~^^^^^^^^^^^^^^^^^^^^
  File "C:\Users\HP\Desktop\backend_pfe\app\auth\jwt.py", line 22, in hash_password
    return pwd_context.hash(password)
           ~~~~~~~~~~~~~~~~^^^^^^^^^^
  File "C:\Users\HP\AppData\Local\Python\pythoncore-3.14-64\Lib\site-packages\passlib\context.py", line 2258, in hash
    return record.hash(secret, **kwds)
           ~~~~~~~~~~~^^^^^^^^^^^^^^^^
  File "C:\Users\HP\AppData\Local\Python\pythoncore-3.14-64\Lib\site-packages\passlib\utils\handlers.py", line 779, in hash
    self.checksum = self._calc_checksum(secret)
                    ~~~~~~~~~~~~~~~~~~~^^^^^^^^
  File "C:\Users\HP\AppData\Local\Python\pythoncore-3.14-64\Lib\site-packages\passlib\handlers\bcrypt.py", line 591, in _calc_checksum
    self._stub_requires_backend()
    ~~~~~~~~~~~~~~~~~~~~~~~~~~~^^
  File "C:\Users\HP\AppData\Local\Python\pythoncore-3.14-64\Lib\site-packages\passlib\utils\handlers.py", line 2254, in _stub_requires_backend
    cls.set_backend()
    ~~~~~~~~~~~~~~~^^
  File "C:\Users\HP\AppData\Local\Python\pythoncore-3.14-64\Lib\site-packages\passlib\utils\handlers.py", line 2156, in set_backend
    return owner.set_backend(name, dryrun=dryrun)
           ~~~~~~~~~~~~~~~~~^^^^^^^^^^^^^^^^^^^^^
  File "C:\Users\HP\AppData\Local\Python\pythoncore-3.14-64\Lib\site-packages\passlib\utils\handlers.py", line 2163, in set_backend
    return cls.set_backend(name, dryrun=dryrun)
           ~~~~~~~~~~~~~~~^^^^^^^^^^^^^^^^^^^^^
  File "C:\Users\HP\AppData\Local\Python\pythoncore-3.14-64\Lib\site-packages\passlib\utils\handlers.py", line 2188, in set_backend
    cls._set_backend(name, dryrun)
    ~~~~~~~~~~~~~~~~^^^^^^^^^^^^^^
  File "C:\Users\HP\AppData\Local\Python\pythoncore-3.14-64\Lib\site-packages\passlib\utils\handlers.py", line 2311, in _set_backend
    super(SubclassBackendMixin, cls)._set_backend(name, dryrun)
    ~~~~~~~~~~~~~~~~~~~~~~~~~~~~~~~~~~~~~~~~~~~~~^^^^^^^^^^^^^^
  File "C:\Users\HP\AppData\Local\Python\pythoncore-3.14-64\Lib\site-packages\passlib\utils\handlers.py", line 2224, in _set_backend
    ok = loader(**kwds)
  File "C:\Users\HP\AppData\Local\Python\pythoncore-3.14-64\Lib\site-packages\passlib\handlers\bcrypt.py", line 626, in _load_backend_mixin
    return mixin_cls._finalize_backend_mixin(name, dryrun)
           ~~~~~~~~~~~~~~~~~~~~~~~~~~~~~~~~~^^^^^^^^^^^^^^
  File "C:\Users\HP\AppData\Local\Python\pythoncore-3.14-64\Lib\site-packages\passlib\handlers\bcrypt.py", line 421, in _finalize_backend_mixin
    if detect_wrap_bug(IDENT_2A):
       ~~~~~~~~~~~~~~~^^^^^^^^^^
  File "C:\Users\HP\AppData\Local\Python\pythoncore-3.14-64\Lib\site-packages\passlib\handlers\bcrypt.py", line 380, in detect_wrap_bug
    if verify(secret, bug_hash):
       ~~~~~~^^^^^^^^^^^^^^^^^^
  File "C:\Users\HP\AppData\Local\Python\pythoncore-3.14-64\Lib\site-packages\passlib\utils\handlers.py", line 792, in verify
    return consteq(self._calc_checksum(secret), chk)
                   ~~~~~~~~~~~~~~~~~~~^^^^^^^^
  File "C:\Users\HP\AppData\Local\Python\pythoncore-3.14-64\Lib\site-packages\passlib\handlers\bcrypt.py", line 655, in _calc_checksum
    hash = _bcrypt.hashpw(secret, config)
ValueError: password cannot be longer than 72 bytes, truncate manually if necessary (e.g. my_password[:72])
2026-04-17 16:11:59,165 | INFO | app.main | 🛑 Application shutdown
2026-04-17 16:11:59,166 | INFO | app.main | 🛑 Application shutdown
2026-04-17 16:12:03,870 | INFO | app.main | 🚀 Starting Petroleum Data API v1.0.0
2026-04-17 16:12:03,877 | INFO | app.database.session | Database tables initialized
2026-04-17 16:12:03,908 | INFO | app.main | 🚀 Starting Petroleum Data API v1.0.0
2026-04-17 16:12:03,914 | INFO | app.database.session | Database tables initialized
2026-04-17 16:12:03,928 | INFO | app.main | 🚀 Starting Petroleum Data API v1.0.0
2026-04-17 16:12:03,934 | INFO | app.database.session | Database tables initialized
2026-04-17 16:16:36,592 | INFO | app.main | 🛑 Application shutdown
2026-04-17 16:16:39,645 | INFO | app.main | 🛑 Application shutdown
2026-04-17 16:16:59,806 | INFO | app.main | 🛑 Application shutdown
2026-04-17 16:16:59,804 | INFO | app.main | 🛑 Application shutdown
2026-04-17 16:16:59,806 | INFO | app.main | 🛑 Application shutdown
2026-04-17 16:18:43,744 | INFO | app.main | 🛑 Application shutdown
2026-04-17 16:20:44,735 | INFO | app.main | 🛑 Application shutdown
2026-04-17 16:20:46,846 | INFO | app.main | 🛑 Application shutdown
2026-04-17 16:21:04,400 | INFO | app.main | 🛑 Application shutdown
2026-04-17 16:21:42,591 | INFO | app.main | 🚀 Starting Petroleum Data API v1.0.0
2026-04-17 16:21:42,631 | INFO | app.database.session | Database tables initialized
2026-04-17 16:21:42,687 | INFO | app.main | 🚀 Starting Petroleum Data API v1.0.0
2026-04-17 16:21:42,713 | INFO | app.main | 🚀 Starting Petroleum Data API v1.0.0
2026-04-17 16:21:42,726 | INFO | app.database.session | Database tables initialized
2026-04-17 16:21:42,741 | INFO | app.database.session | Database tables initialized
2026-04-17 16:21:42,757 | INFO | app.main | 🚀 Starting Petroleum Data API v1.0.0
2026-04-17 16:21:42,841 | INFO | app.database.session | Database tables initialized
2026-04-17 16:21:43,004 | INFO | app.main | 🚀 Starting Petroleum Data API v1.0.0
2026-04-17 16:21:43,049 | INFO | app.database.session | Database tables initialized
2026-04-17 16:21:43,335 | INFO | app.main | 🚀 Starting Petroleum Data API v1.0.0
2026-04-17 16:21:43,408 | INFO | app.database.session | Database tables initialized
2026-04-17 16:21:43,461 | INFO | app.main | 🚀 Starting Petroleum Data API v1.0.0
2026-04-17 16:21:43,538 | INFO | app.main | 🚀 Starting Petroleum Data API v1.0.0
2026-04-17 16:21:43,631 | INFO | app.database.session | Database tables initialized
2026-04-17 16:21:43,635 | INFO | app.database.session | Database tables initialized
2026-04-17 16:21:43,681 | INFO | app.main | 🚀 Starting Petroleum Data API v1.0.0
2026-04-17 16:21:43,779 | INFO | app.database.session | Database tables initialized
2026-04-17 16:21:44,021 | INFO | app.main | 🚀 Starting Petroleum Data API v1.0.0
2026-04-17 16:21:44,087 | INFO | app.database.session | Database tables initialized
2026-04-17 16:21:44,256 | INFO | app.main | 🚀 Starting Petroleum Data API v1.0.0
2026-04-17 16:21:44,313 | INFO | app.database.session | Database tables initialized
2026-04-17 16:21:54,973 | INFO | app.main | 🚀 Starting Petroleum Data API v1.0.0
2026-04-17 16:21:55,014 | INFO | app.database.session | Database tables initialized
2026-04-17 16:21:55,034 | INFO | app.main | 🚀 Starting Petroleum Data API v1.0.0
2026-04-17 16:21:55,071 | INFO | app.database.session | Database tables initialized
2026-04-17 16:21:55,071 | INFO | app.main | 🚀 Starting Petroleum Data API v1.0.0
2026-04-17 16:21:55,107 | INFO | app.database.session | Database tables initialized
2026-04-17 16:21:55,501 | INFO | app.main | 🚀 Starting Petroleum Data API v1.0.0
2026-04-17 16:21:55,537 | INFO | app.database.session | Database tables initialized
2026-04-17 16:21:55,586 | INFO | app.main | 🚀 Starting Petroleum Data API v1.0.0
2026-04-17 16:21:55,600 | INFO | app.database.session | Database tables initialized
2026-04-17 16:21:55,637 | INFO | app.main | 🚀 Starting Petroleum Data API v1.0.0
2026-04-17 16:21:55,653 | INFO | app.database.session | Database tables initialized
2026-04-17 16:21:55,777 | INFO | app.main | 🚀 Starting Petroleum Data API v1.0.0
2026-04-17 16:21:55,785 | INFO | app.database.session | Database tables initialized
2026-04-17 16:21:55,965 | INFO | app.main | 🚀 Starting Petroleum Data API v1.0.0
2026-04-17 16:21:55,978 | INFO | app.database.session | Database tables initialized
2026-04-17 16:21:56,102 | INFO | app.main | 🚀 Starting Petroleum Data API v1.0.0
2026-04-17 16:21:56,110 | INFO | app.database.session | Database tables initialized
2026-04-17 16:21:56,251 | INFO | app.main | 🚀 Starting Petroleum Data API v1.0.0
2026-04-17 16:21:56,256 | INFO | app.database.session | Database tables initialized
2026-04-17 16:21:56,347 | INFO | app.main | 🚀 Starting Petroleum Data API v1.0.0
2026-04-17 16:21:56,355 | INFO | app.database.session | Database tables initialized
2026-04-17 16:21:57,543 | INFO | app.main | 🚀 Starting Petroleum Data API v1.0.0
2026-04-17 16:21:57,548 | INFO | app.database.session | Database tables initialized
2026-04-17 16:22:34,108 | INFO | app.main | 🛑 Application shutdown
2026-04-17 16:22:36,142 | INFO | app.main | 🛑 Application shutdown
2026-04-17 16:22:37,111 | INFO | app.main | 🛑 Application shutdown
2026-04-17 17:06:52,901 | INFO | app.main | 🛑 Application shutdown
2026-04-17 17:06:52,921 | INFO | app.main | 🛑 Application shutdown
2026-04-17 17:06:52,952 | INFO | app.main | 🛑 Application shutdown
2026-04-17 17:06:52,952 | INFO | app.main | 🛑 Application shutdown
2026-04-17 17:06:52,952 | INFO | app.main | 🛑 Application shutdown
2026-04-17 17:06:52,982 | INFO | app.main | 🛑 Application shutdown
2026-04-17 17:06:53,009 | INFO | app.main | 🛑 Application shutdown
2026-04-17 17:06:54,965 | INFO | app.main | 🛑 Application shutdown
2026-04-17 17:06:57,971 | INFO | app.main | 🛑 Application shutdown
2026-04-17 17:07:07,090 | INFO | app.main | 🚀 Starting Petroleum Data API v1.0.0
2026-04-17 17:07:07,201 | INFO | app.database.session | Database tables initialized
2026-04-17 17:07:09,745 | INFO | app.main | 🚀 Starting Petroleum Data API v1.0.0
2026-04-17 17:07:09,775 | INFO | app.database.session | Database tables initialized
2026-04-17 17:07:11,540 | INFO | app.main | 🚀 Starting Petroleum Data API v1.0.0
2026-04-17 17:07:11,776 | INFO | app.database.session | Database tables initialized
2026-04-17 17:07:12,598 | INFO | app.main | 🚀 Starting Petroleum Data API v1.0.0
2026-04-17 17:07:12,689 | INFO | app.database.session | Database tables initialized
2026-04-17 17:07:13,500 | INFO | app.main | 🚀 Starting Petroleum Data API v1.0.0
2026-04-17 17:07:13,566 | INFO | app.database.session | Database tables initialized
2026-04-17 17:07:14,024 | INFO | app.main | 🚀 Starting Petroleum Data API v1.0.0
2026-04-17 17:07:14,119 | INFO | app.database.session | Database tables initialized
2026-04-17 17:07:14,555 | INFO | app.main | 🚀 Starting Petroleum Data API v1.0.0
2026-04-17 17:07:14,602 | INFO | app.database.session | Database tables initialized
2026-04-17 17:07:14,763 | INFO | app.main | 🚀 Starting Petroleum Data API v1.0.0
2026-04-17 17:07:14,829 | INFO | app.database.session | Database tables initialized
2026-04-17 17:07:15,121 | INFO | app.main | 🚀 Starting Petroleum Data API v1.0.0
2026-04-17 17:07:15,160 | INFO | app.database.session | Database tables initialized
2026-04-17 17:07:15,425 | INFO | app.main | 🚀 Starting Petroleum Data API v1.0.0
2026-04-17 17:07:15,449 | INFO | app.database.session | Database tables initialized
2026-04-17 17:07:16,377 | INFO | app.main | 🚀 Starting Petroleum Data API v1.0.0
2026-04-17 17:07:16,405 | INFO | app.database.session | Database tables initialized
2026-04-17 17:07:16,455 | INFO | app.main | 🚀 Starting Petroleum Data API v1.0.0
2026-04-17 17:07:16,484 | INFO | app.database.session | Database tables initialized
2026-04-17 17:12:23,857 | INFO | app.main | 🚀 Starting Petroleum Data API v1.0.0
2026-04-17 17:12:23,870 | INFO | app.database.session | Database tables initialized
2026-04-17 17:13:26,968 | WARNING | passlib.handlers.bcrypt | (trapped) error reading bcrypt version
Traceback (most recent call last):
  File "C:\Users\HP\AppData\Local\Python\pythoncore-3.14-64\Lib\site-packages\passlib\handlers\bcrypt.py", line 620, in _load_backend_mixin
    version = _bcrypt.__about__.__version__
              ^^^^^^^^^^^^^^^^^
AttributeError: module 'bcrypt' has no attribute '__about__'
2026-04-17 17:16:18,751 | INFO | app.main | 🛑 Application shutdown
2026-04-17 17:16:50,791 | INFO | app.main | 🛑 Application shutdown
2026-04-17 17:16:54,292 | INFO | app.main | 🛑 Application shutdown
2026-04-17 17:16:54,292 | INFO | app.main | 🛑 Application shutdown
2026-04-17 17:16:54,503 | INFO | app.main | 🛑 Application shutdown
2026-04-17 17:16:54,605 | INFO | app.main | 🛑 Application shutdown
2026-04-17 17:16:54,607 | INFO | app.main | 🛑 Application shutdown
2026-04-17 17:16:54,736 | INFO | app.main | 🛑 Application shutdown
2026-04-17 17:16:54,872 | INFO | app.main | 🛑 Application shutdown
2026-04-17 17:16:55,043 | INFO | app.main | 🛑 Application shutdown
2026-04-17 17:16:56,449 | INFO | app.main | 🛑 Application shutdown
2026-04-17 17:16:59,075 | INFO | app.main | 🛑 Application shutdown
2026-04-17 17:17:04,588 | INFO | app.main | 🛑 Application shutdown
2026-04-17 17:23:33,939 | INFO | app.main | 🚀 Starting Petroleum Data API v1.0.0
2026-04-17 17:23:33,954 | INFO | app.main | 🚀 Starting Petroleum Data API v1.0.0
2026-04-17 17:23:33,997 | INFO | app.database.session | Database tables initialized
2026-04-17 17:23:33,978 | INFO | app.database.session | Database tables initialized
2026-04-17 17:23:34,134 | INFO | app.main | 🚀 Starting Petroleum Data API v1.0.0
2026-04-17 17:23:34,175 | INFO | app.database.session | Database tables initialized
2026-04-17 17:23:34,332 | INFO | app.main | 🚀 Starting Petroleum Data API v1.0.0
2026-04-17 17:23:34,356 | INFO | app.database.session | Database tables initialized
2026-04-17 17:23:34,734 | INFO | app.main | 🚀 Starting Petroleum Data API v1.0.0
2026-04-17 17:23:34,871 | INFO | app.database.session | Database tables initialized
2026-04-17 17:23:34,993 | INFO | app.main | 🚀 Starting Petroleum Data API v1.0.0
2026-04-17 17:23:35,061 | INFO | app.database.session | Database tables initialized
2026-04-17 17:23:35,245 | INFO | app.main | 🚀 Starting Petroleum Data API v1.0.0
2026-04-17 17:23:35,325 | INFO | app.database.session | Database tables initialized
2026-04-17 17:23:36,554 | INFO | app.main | 🚀 Starting Petroleum Data API v1.0.0
2026-04-17 17:23:36,588 | INFO | app.database.session | Database tables initialized
2026-04-17 17:23:37,947 | INFO | app.main | 🚀 Starting Petroleum Data API v1.0.0
2026-04-17 17:23:37,949 | INFO | app.main | 🚀 Starting Petroleum Data API v1.0.0
2026-04-17 17:23:37,986 | INFO | app.database.session | Database tables initialized
2026-04-17 17:23:38,000 | INFO | app.database.session | Database tables initialized
2026-04-17 17:23:38,843 | INFO | app.main | 🚀 Starting Petroleum Data API v1.0.0
2026-04-17 17:23:38,910 | INFO | app.database.session | Database tables initialized
2026-04-17 17:23:39,165 | INFO | app.main | 🚀 Starting Petroleum Data API v1.0.0
2026-04-17 17:23:39,213 | INFO | app.database.session | Database tables initialized
2026-04-17 17:23:51,459 | INFO | app.main | 🚀 Starting Petroleum Data API v1.0.0
2026-04-17 17:23:51,701 | INFO | app.database.session | Database tables initialized
2026-04-17 17:23:52,121 | INFO | app.main | 🚀 Starting Petroleum Data API v1.0.0
2026-04-17 17:23:52,139 | INFO | app.main | 🚀 Starting Petroleum Data API v1.0.0
2026-04-17 17:23:52,171 | INFO | app.database.session | Database tables initialized
2026-04-17 17:23:52,196 | INFO | app.database.session | Database tables initialized
2026-04-17 17:23:52,215 | INFO | app.main | 🚀 Starting Petroleum Data API v1.0.0
2026-04-17 17:23:52,252 | INFO | app.database.session | Database tables initialized
2026-04-17 17:23:52,656 | INFO | app.main | 🚀 Starting Petroleum Data API v1.0.0
2026-04-17 17:23:52,689 | INFO | app.database.session | Database tables initialized
2026-04-17 17:23:52,842 | INFO | app.main | 🚀 Starting Petroleum Data API v1.0.0
2026-04-17 17:23:52,874 | INFO | app.database.session | Database tables initialized
2026-04-17 17:23:53,407 | INFO | app.main | 🚀 Starting Petroleum Data API v1.0.0
2026-04-17 17:23:53,454 | INFO | app.database.session | Database tables initialized
2026-04-17 17:23:53,740 | INFO | app.main | 🚀 Starting Petroleum Data API v1.0.0
2026-04-17 17:23:53,763 | INFO | app.database.session | Database tables initialized
2026-04-17 17:23:54,900 | INFO | app.main | 🚀 Starting Petroleum Data API v1.0.0
2026-04-17 17:23:54,929 | INFO | app.database.session | Database tables initialized
2026-04-17 17:23:55,578 | INFO | app.main | 🚀 Starting Petroleum Data API v1.0.0
2026-04-17 17:23:55,585 | INFO | app.main | 🚀 Starting Petroleum Data API v1.0.0
2026-04-17 17:23:55,599 | INFO | app.database.session | Database tables initialized
2026-04-17 17:23:55,605 | INFO | app.database.session | Database tables initialized
2026-04-17 17:23:55,814 | WARNING | passlib.handlers.bcrypt | (trapped) error reading bcrypt version
Traceback (most recent call last):
  File "C:\Users\HP\AppData\Local\Python\pythoncore-3.14-64\Lib\site-packages\passlib\handlers\bcrypt.py", line 620, in _load_backend_mixin
    version = _bcrypt.__about__.__version__
              ^^^^^^^^^^^^^^^^^
AttributeError: module 'bcrypt' has no attribute '__about__'
2026-04-17 17:23:55,893 | INFO | app.main | 🚀 Starting Petroleum Data API v1.0.0
2026-04-17 17:23:55,907 | INFO | app.database.session | Database tables initialized
2026-04-17 17:23:55,953 | INFO | app.main | 🚀 Starting Petroleum Data API v1.0.0
2026-04-17 17:23:55,969 | INFO | app.database.session | Database tables initialized
2026-04-17 17:24:06,825 | INFO | app.main | 🚀 Starting Petroleum Data API v1.0.0
2026-04-17 17:24:06,830 | INFO | app.database.session | Database tables initialized
2026-04-17 17:25:12,160 | WARNING | passlib.handlers.bcrypt | (trapped) error reading bcrypt version
Traceback (most recent call last):
  File "C:\Users\HP\AppData\Local\Python\pythoncore-3.14-64\Lib\site-packages\passlib\handlers\bcrypt.py", line 620, in _load_backend_mixin
    version = _bcrypt.__about__.__version__
              ^^^^^^^^^^^^^^^^^
AttributeError: module 'bcrypt' has no attribute '__about__'
2026-04-17 17:26:27,176 | INFO | app.main | 🛑 Application shutdown
2026-04-17 17:26:32,003 | INFO | app.main | 🚀 Starting Petroleum Data API v1.0.0
2026-04-17 17:26:32,009 | INFO | app.database.session | Database tables initialized
2026-04-17 17:26:36,168 | INFO | app.main | 🛑 Application shutdown
2026-04-17 17:26:39,964 | INFO | app.main | 🚀 Starting Petroleum Data API v1.0.0
2026-04-17 17:26:39,969 | INFO | app.database.session | Database tables initialized
2026-04-17 17:26:59,506 | INFO | app.main | 🛑 Application shutdown
2026-04-17 17:27:05,701 | INFO | app.main | 🚀 Starting Petroleum Data API v1.0.0
2026-04-17 17:27:05,709 | INFO | app.database.session | Database tables initialized
2026-04-17 17:27:34,492 | INFO | app.main | 🛑 Application shutdown
2026-04-17 17:27:34,492 | INFO | app.main | 🛑 Application shutdown
2026-04-17 17:27:34,492 | INFO | app.main | 🛑 Application shutdown
2026-04-17 17:27:34,492 | INFO | app.main | 🛑 Application shutdown
2026-04-17 17:27:34,492 | INFO | app.main | 🛑 Application shutdown
2026-04-17 17:27:34,492 | INFO | app.main | 🛑 Application shutdown
2026-04-17 17:27:34,493 | INFO | app.main | 🛑 Application shutdown
2026-04-17 17:27:34,594 | INFO | app.main | 🛑 Application shutdown
2026-04-17 17:27:39,840 | INFO | app.main | 🛑 Application shutdown
2026-04-17 17:27:39,844 | INFO | app.main | 🛑 Application shutdown
2026-04-17 17:27:43,260 | WARNING | passlib.handlers.bcrypt | (trapped) error reading bcrypt version
Traceback (most recent call last):
  File "C:\Users\HP\AppData\Local\Python\pythoncore-3.14-64\Lib\site-packages\passlib\handlers\bcrypt.py", line 620, in _load_backend_mixin
    version = _bcrypt.__about__.__version__
              ^^^^^^^^^^^^^^^^^
AttributeError: module 'bcrypt' has no attribute '__about__'
2026-04-17 17:27:46,481 | INFO | app.main | 🚀 Starting Petroleum Data API v1.0.0
2026-04-17 17:27:46,516 | INFO | app.database.session | Database tables initialized
2026-04-17 17:27:46,568 | INFO | app.main | 🚀 Starting Petroleum Data API v1.0.0
2026-04-17 17:27:46,588 | INFO | app.database.session | Database tables initialized
2026-04-17 17:27:46,594 | INFO | app.main | 🚀 Starting Petroleum Data API v1.0.0
2026-04-17 17:27:46,616 | INFO | app.database.session | Database tables initialized
2026-04-17 17:27:46,899 | INFO | app.main | 🚀 Starting Petroleum Data API v1.0.0
2026-04-17 17:27:46,917 | INFO | app.database.session | Database tables initialized
2026-04-17 17:27:47,104 | INFO | app.main | 🚀 Starting Petroleum Data API v1.0.0
2026-04-17 17:27:47,131 | INFO | app.database.session | Database tables initialized
2026-04-17 17:27:47,235 | INFO | app.main | 🚀 Starting Petroleum Data API v1.0.0
2026-04-17 17:27:47,249 | INFO | app.database.session | Database tables initialized
2026-04-17 17:27:47,263 | INFO | app.main | 🚀 Starting Petroleum Data API v1.0.0
2026-04-17 17:27:47,280 | INFO | app.database.session | Database tables initialized
2026-04-17 17:27:47,491 | INFO | app.main | 🚀 Starting Petroleum Data API v1.0.0
2026-04-17 17:27:47,536 | INFO | app.database.session | Database tables initialized
2026-04-17 17:27:52,004 | INFO | app.main | 🚀 Starting Petroleum Data API v1.0.0
2026-04-17 17:27:52,014 | INFO | app.database.session | Database tables initialized
2026-04-17 17:27:52,132 | INFO | app.main | 🚀 Starting Petroleum Data API v1.0.0
2026-04-17 17:27:52,138 | INFO | app.database.session | Database tables initialized
2026-04-17 17:27:53,797 | WARNING | passlib.handlers.bcrypt | (trapped) error reading bcrypt version
Traceback (most recent call last):
  File "C:\Users\HP\AppData\Local\Python\pythoncore-3.14-64\Lib\site-packages\passlib\handlers\bcrypt.py", line 620, in _load_backend_mixin
    version = _bcrypt.__about__.__version__
              ^^^^^^^^^^^^^^^^^
AttributeError: module 'bcrypt' has no attribute '__about__'
2026-04-17 17:28:09,146 | INFO | app.main | 🛑 Application shutdown
2026-04-17 17:28:15,377 | INFO | app.main | 🚀 Starting Petroleum Data API v1.0.0
2026-04-17 17:28:15,387 | INFO | app.database.session | Database tables initialized
2026-04-17 17:28:36,395 | INFO | app.main | 🛑 Application shutdown
2026-04-17 17:28:39,920 | INFO | app.main | 🛑 Application shutdown
2026-04-17 17:28:43,185 | INFO | app.main | 🚀 Starting Petroleum Data API v1.0.0
2026-04-17 17:28:43,203 | INFO | app.database.session | Database tables initialized
2026-04-17 17:28:47,113 | INFO | app.main | 🚀 Starting Petroleum Data API v1.0.0
2026-04-17 17:28:47,121 | INFO | app.database.session | Database tables initialized
2026-04-17 17:31:01,157 | INFO | app.main | 🛑 Application shutdown
2026-04-17 17:31:06,054 | INFO | app.main | 🚀 Starting Petroleum Data API v1.0.0
2026-04-17 17:31:06,059 | INFO | app.database.session | Database tables initialized
2026-04-17 17:31:21,590 | INFO | app.main | 🛑 Application shutdown
2026-04-17 17:31:21,590 | INFO | app.main | 🛑 Application shutdown
2026-04-17 17:31:21,591 | INFO | app.main | 🛑 Application shutdown
2026-04-17 17:31:21,591 | INFO | app.main | 🛑 Application shutdown
2026-04-17 17:31:21,591 | INFO | app.main | 🛑 Application shutdown
2026-04-17 17:31:21,591 | INFO | app.main | 🛑 Application shutdown
2026-04-17 17:31:21,591 | INFO | app.main | 🛑 Application shutdown
2026-04-17 17:31:21,591 | INFO | app.main | 🛑 Application shutdown
2026-04-17 17:31:21,600 | INFO | app.main | 🛑 Application shutdown
2026-04-17 17:31:21,600 | INFO | app.main | 🛑 Application shutdown
2026-04-17 17:31:21,600 | INFO | app.main | 🛑 Application shutdown
2026-04-17 17:31:21,754 | INFO | app.main | 🛑 Application shutdown
2026-04-17 17:31:21,770 | INFO | app.main | 🛑 Application shutdown
2026-04-17 17:31:41,404 | INFO | app.main | 🚀 Starting Petroleum Data API v1.0.0
2026-04-17 17:31:41,469 | INFO | app.database.session | Database tables initialized
2026-04-17 17:31:41,475 | INFO | app.main | 🚀 Starting Petroleum Data API v1.0.0
2026-04-17 17:31:41,525 | INFO | app.database.session | Database tables initialized
2026-04-17 17:31:42,028 | INFO | app.main | 🚀 Starting Petroleum Data API v1.0.0
2026-04-17 17:31:42,084 | INFO | app.database.session | Database tables initialized
2026-04-17 17:31:42,445 | INFO | app.main | 🚀 Starting Petroleum Data API v1.0.0
2026-04-17 17:31:42,467 | INFO | app.database.session | Database tables initialized
2026-04-17 17:31:42,456 | INFO | app.main | 🚀 Starting Petroleum Data API v1.0.0
2026-04-17 17:31:42,527 | INFO | app.database.session | Database tables initialized
2026-04-17 17:31:42,725 | INFO | app.main | 🚀 Starting Petroleum Data API v1.0.0
2026-04-17 17:31:42,774 | INFO | app.database.session | Database tables initialized
2026-04-17 17:31:42,836 | INFO | app.main | 🚀 Starting Petroleum Data API v1.0.0
2026-04-17 17:31:42,858 | INFO | app.database.session | Database tables initialized
2026-04-17 17:31:43,358 | INFO | app.main | 🚀 Starting Petroleum Data API v1.0.0
2026-04-17 17:31:43,373 | INFO | app.database.session | Database tables initialized
2026-04-17 17:31:43,439 | INFO | app.main | 🚀 Starting Petroleum Data API v1.0.0
2026-04-17 17:31:43,449 | INFO | app.main | 🚀 Starting Petroleum Data API v1.0.0
2026-04-17 17:31:43,462 | INFO | app.database.session | Database tables initialized
2026-04-17 17:31:43,468 | INFO | app.database.session | Database tables initialized
2026-04-17 17:31:44,527 | INFO | app.main | 🚀 Starting Petroleum Data API v1.0.0
2026-04-17 17:31:44,573 | INFO | app.database.session | Database tables initialized
2026-04-17 17:31:45,711 | INFO | app.main | 🚀 Starting Petroleum Data API v1.0.0
2026-04-17 17:31:45,736 | INFO | app.database.session | Database tables initialized
2026-04-17 17:31:45,974 | INFO | app.main | 🚀 Starting Petroleum Data API v1.0.0
2026-04-17 17:31:45,993 | INFO | app.database.session | Database tables initialized
2026-04-17 17:34:17,663 | INFO | app.main | 🛑 Application shutdown
2026-04-17 17:34:22,373 | INFO | app.main | 🚀 Starting Petroleum Data API v1.0.0
2026-04-17 17:34:22,385 | INFO | app.database.session | Database tables initialized
2026-04-17 17:34:58,744 | INFO | app.main | 🛑 Application shutdown
2026-04-17 17:35:03,349 | INFO | app.main | 🚀 Starting Petroleum Data API v1.0.0
2026-04-17 17:35:03,358 | INFO | app.database.session | Database tables initialized
2026-04-17 17:35:49,453 | WARNING | passlib.handlers.bcrypt | (trapped) error reading bcrypt version
Traceback (most recent call last):
  File "C:\Users\HP\AppData\Local\Python\pythoncore-3.14-64\Lib\site-packages\passlib\handlers\bcrypt.py", line 620, in _load_backend_mixin
    version = _bcrypt.__about__.__version__
              ^^^^^^^^^^^^^^^^^
AttributeError: module 'bcrypt' has no attribute '__about__'
2026-04-17 17:36:23,648 | INFO | app.main | 🛑 Application shutdown
2026-04-17 17:36:23,865 | INFO | app.main | 🛑 Application shutdown
2026-04-17 17:36:23,978 | INFO | app.main | 🛑 Application shutdown
2026-04-17 17:36:23,978 | INFO | app.main | 🛑 Application shutdown
2026-04-17 17:36:24,082 | INFO | app.main | 🛑 Application shutdown
2026-04-17 17:36:24,124 | INFO | app.main | 🛑 Application shutdown
2026-04-17 17:36:24,295 | INFO | app.main | 🛑 Application shutdown
2026-04-17 17:36:24,295 | INFO | app.main | 🛑 Application shutdown
2026-04-17 17:36:24,559 | INFO | app.main | 🛑 Application shutdown
2026-04-17 17:36:27,328 | INFO | app.main | 🛑 Application shutdown
2026-04-17 17:36:27,886 | INFO | app.main | 🛑 Application shutdown
2026-04-17 17:36:27,927 | INFO | app.main | 🛑 Application shutdown
2026-04-17 17:36:40,155 | INFO | app.main | 🚀 Starting Petroleum Data API v1.0.0
2026-04-17 17:36:40,204 | INFO | app.database.session | Database tables initialized
2026-04-17 17:36:40,992 | INFO | app.main | 🚀 Starting Petroleum Data API v1.0.0
2026-04-17 17:36:40,999 | INFO | app.main | 🚀 Starting Petroleum Data API v1.0.0
2026-04-17 17:36:40,994 | INFO | app.main | 🚀 Starting Petroleum Data API v1.0.0
2026-04-17 17:36:41,017 | INFO | app.database.session | Database tables initialized
2026-04-17 17:36:41,031 | INFO | app.database.session | Database tables initialized
2026-04-17 17:36:41,041 | INFO | app.database.session | Database tables initialized
2026-04-17 17:36:41,421 | INFO | app.main | 🚀 Starting Petroleum Data API v1.0.0
2026-04-17 17:36:41,438 | INFO | app.database.session | Database tables initialized
2026-04-17 17:36:41,440 | INFO | app.main | 🚀 Starting Petroleum Data API v1.0.0
2026-04-17 17:36:41,463 | INFO | app.database.session | Database tables initialized
2026-04-17 17:36:41,648 | INFO | app.main | 🚀 Starting Petroleum Data API v1.0.0
2026-04-17 17:36:41,670 | INFO | app.database.session | Database tables initialized
2026-04-17 17:36:42,088 | INFO | app.main | 🚀 Starting Petroleum Data API v1.0.0
2026-04-17 17:36:42,101 | INFO | app.database.session | Database tables initialized
2026-04-17 17:36:42,510 | INFO | app.main | 🚀 Starting Petroleum Data API v1.0.0
2026-04-17 17:36:42,525 | INFO | app.database.session | Database tables initialized
2026-04-17 17:36:43,705 | INFO | app.main | 🚀 Starting Petroleum Data API v1.0.0
2026-04-17 17:36:43,719 | INFO | app.database.session | Database tables initialized
2026-04-17 17:36:43,976 | INFO | app.main | 🚀 Starting Petroleum Data API v1.0.0
2026-04-17 17:36:43,993 | INFO | app.database.session | Database tables initialized
2026-04-17 17:36:44,908 | INFO | app.main | 🚀 Starting Petroleum Data API v1.0.0
2026-04-17 17:36:44,919 | INFO | app.database.session | Database tables initialized
2026-04-17 17:37:03,374 | INFO | app.main | 🚀 Starting Petroleum Data API v1.0.0
2026-04-17 17:37:03,378 | INFO | app.database.session | Database tables initialized
2026-04-17 17:37:34,831 | WARNING | passlib.handlers.bcrypt | (trapped) error reading bcrypt version
Traceback (most recent call last):
  File "C:\Users\HP\AppData\Local\Python\pythoncore-3.14-64\Lib\site-packages\passlib\handlers\bcrypt.py", line 620, in _load_backend_mixin
    version = _bcrypt.__about__.__version__
              ^^^^^^^^^^^^^^^^^
AttributeError: module 'bcrypt' has no attribute '__about__'
2026-04-17 17:40:45,038 | INFO | app.main | 🛑 Application shutdown
2026-04-17 17:40:50,001 | INFO | app.main | 🚀 Starting Petroleum Data API v1.0.0
2026-04-17 17:40:50,010 | INFO | app.database.session | Database tables initialized
2026-04-17 17:40:51,378 | INFO | app.main | 🛑 Application shutdown
2026-04-17 17:40:54,607 | INFO | app.main | 🚀 Starting Petroleum Data API v1.0.0
2026-04-17 17:40:54,622 | INFO | app.database.session | Database tables initialized
2026-04-17 17:41:07,059 | INFO | app.main | 🚀 Starting Petroleum Data API v1.0.0
2026-04-17 17:41:07,066 | INFO | app.database.session | Database tables initialized
2026-04-17 17:41:25,765 | INFO | app.main | 🛑 Application shutdown
2026-04-17 17:41:26,188 | INFO | app.main | 🛑 Application shutdown
2026-04-17 17:41:26,289 | INFO | app.main | 🛑 Application shutdown
2026-04-17 17:41:26,289 | INFO | app.main | 🛑 Application shutdown
2026-04-17 17:41:26,297 | INFO | app.main | 🛑 Application shutdown
2026-04-17 17:41:26,400 | INFO | app.main | 🛑 Application shutdown
2026-04-17 17:41:26,404 | INFO | app.main | 🛑 Application shutdown
2026-04-17 17:41:26,506 | INFO | app.main | 🛑 Application shutdown
2026-04-17 17:41:26,619 | INFO | app.main | 🛑 Application shutdown
2026-04-17 17:41:29,490 | INFO | app.main | 🛑 Application shutdown
2026-04-17 17:41:30,320 | INFO | app.main | 🛑 Application shutdown
2026-04-17 17:41:32,269 | INFO | app.main | 🛑 Application shutdown
2026-04-17 17:41:37,637 | INFO | app.main | 🛑 Application shutdown
2026-04-17 17:41:39,862 | INFO | app.main | 🚀 Starting Petroleum Data API v1.0.0
2026-04-17 17:41:39,898 | INFO | app.database.session | Database tables initialized
2026-04-17 17:41:40,248 | INFO | app.main | 🚀 Starting Petroleum Data API v1.0.0
2026-04-17 17:41:40,299 | INFO | app.database.session | Database tables initialized
2026-04-17 17:41:40,740 | INFO | app.main | 🚀 Starting Petroleum Data API v1.0.0
2026-04-17 17:41:40,789 | INFO | app.database.session | Database tables initialized
2026-04-17 17:41:41,320 | INFO | app.main | 🚀 Starting Petroleum Data API v1.0.0
2026-04-17 17:41:41,357 | INFO | app.database.session | Database tables initialized
2026-04-17 17:41:41,518 | INFO | app.main | 🚀 Starting Petroleum Data API v1.0.0
2026-04-17 17:41:41,538 | INFO | app.main | 🚀 Starting Petroleum Data API v1.0.0
2026-04-17 17:41:41,554 | INFO | app.database.session | Database tables initialized
2026-04-17 17:41:41,587 | INFO | app.database.session | Database tables initialized
2026-04-17 17:41:42,271 | INFO | app.main | 🚀 Starting Petroleum Data API v1.0.0
2026-04-17 17:41:42,401 | INFO | app.database.session | Database tables initialized
2026-04-17 17:41:42,459 | INFO | app.main | 🚀 Starting Petroleum Data API v1.0.0
2026-04-17 17:41:42,482 | INFO | app.database.session | Database tables initialized
2026-04-17 17:41:43,207 | INFO | app.main | 🚀 Starting Petroleum Data API v1.0.0
2026-04-17 17:41:43,233 | INFO | app.database.session | Database tables initialized
2026-04-17 17:41:46,324 | INFO | app.main | 🚀 Starting Petroleum Data API v1.0.0
2026-04-17 17:41:46,354 | INFO | app.database.session | Database tables initialized
2026-04-17 17:41:48,248 | INFO | app.main | 🚀 Starting Petroleum Data API v1.0.0
2026-04-17 17:41:48,262 | INFO | app.database.session | Database tables initialized
2026-04-17 17:41:48,573 | INFO | app.main | 🚀 Starting Petroleum Data API v1.0.0
2026-04-17 17:41:48,580 | INFO | app.database.session | Database tables initialized
2026-04-17 17:41:49,817 | INFO | app.main | 🚀 Starting Petroleum Data API v1.0.0
2026-04-17 17:41:49,832 | INFO | app.database.session | Database tables initialized
2026-04-17 17:42:22,653 | WARNING | passlib.handlers.bcrypt | (trapped) error reading bcrypt version
Traceback (most recent call last):
  File "C:\Users\HP\AppData\Local\Python\pythoncore-3.14-64\Lib\site-packages\passlib\handlers\bcrypt.py", line 620, in _load_backend_mixin
    version = _bcrypt.__about__.__version__
              ^^^^^^^^^^^^^^^^^
AttributeError: module 'bcrypt' has no attribute '__about__'
2026-04-17 17:43:50,946 | INFO | app.main | 🛑 Application shutdown
2026-04-17 17:43:56,026 | INFO | app.main | 🚀 Starting Petroleum Data API v1.0.0
2026-04-17 17:43:56,036 | INFO | app.database.session | Database tables initialized
2026-04-17 17:44:02,338 | INFO | app.main | 🛑 Application shutdown
2026-04-17 17:44:05,446 | INFO | app.main | 🚀 Starting Petroleum Data API v1.0.0
2026-04-17 17:44:05,450 | INFO | app.database.session | Database tables initialized
2026-04-17 17:44:10,104 | INFO | app.main | 🛑 Application shutdown
2026-04-17 17:44:22,622 | INFO | app.main | 🚀 Starting Petroleum Data API v1.0.0
2026-04-17 17:44:22,631 | INFO | app.database.session | Database tables initialized
2026-04-17 17:45:06,452 | WARNING | passlib.handlers.bcrypt | (trapped) error reading bcrypt version
Traceback (most recent call last):
  File "C:\Users\HP\AppData\Local\Python\pythoncore-3.14-64\Lib\site-packages\passlib\handlers\bcrypt.py", line 620, in _load_backend_mixin
    version = _bcrypt.__about__.__version__
              ^^^^^^^^^^^^^^^^^
AttributeError: module 'bcrypt' has no attribute '__about__'
2026-04-17 17:45:53,776 | INFO | app.main | 🛑 Application shutdown
2026-04-17 17:45:57,793 | INFO | app.main | 🚀 Starting Petroleum Data API v1.0.0
2026-04-17 17:45:57,801 | INFO | app.database.session | Database tables initialized
2026-04-17 17:45:57,818 | INFO | app.main | 🚀 Starting Petroleum Data API v1.0.0
2026-04-17 17:45:57,827 | INFO | app.database.session | Database tables initialized
2026-04-17 17:46:26,313 | INFO | app.main | 🛑 Application shutdown
2026-04-17 17:46:27,385 | INFO | app.main | 🛑 Application shutdown
2026-04-17 17:46:27,488 | INFO | app.main | 🛑 Application shutdown
2026-04-17 17:46:27,595 | INFO | app.main | 🛑 Application shutdown
2026-04-17 17:46:30,523 | INFO | app.main | 🛑 Application shutdown
2026-04-17 17:46:31,723 | INFO | app.main | 🛑 Application shutdown
2026-04-17 17:46:33,404 | INFO | app.main | 🛑 Application shutdown
2026-04-17 17:46:36,484 | INFO | app.main | 🚀 Starting Petroleum Data API v1.0.0
2026-04-17 17:46:36,517 | INFO | app.database.session | Database tables initialized
2026-04-17 17:46:38,636 | INFO | app.main | 🚀 Starting Petroleum Data API v1.0.0
2026-04-17 17:46:38,672 | INFO | app.database.session | Database tables initialized
2026-04-17 17:46:38,810 | INFO | app.main | 🛑 Application shutdown
2026-04-17 17:46:38,802 | INFO | app.main | 🚀 Starting Petroleum Data API v1.0.0
2026-04-17 17:46:38,872 | INFO | app.database.session | Database tables initialized
2026-04-17 17:46:39,489 | INFO | app.main | 🚀 Starting Petroleum Data API v1.0.0
2026-04-17 17:46:39,519 | INFO | app.database.session | Database tables initialized
2026-04-17 17:46:39,684 | INFO | app.main | 🚀 Starting Petroleum Data API v1.0.0
2026-04-17 17:46:39,712 | INFO | app.database.session | Database tables initialized
2026-04-17 17:46:40,353 | INFO | app.main | 🚀 Starting Petroleum Data API v1.0.0
2026-04-17 17:46:40,371 | INFO | app.database.session | Database tables initialized
2026-04-17 17:46:40,403 | INFO | app.main | 🚀 Starting Petroleum Data API v1.0.0
2026-04-17 17:46:40,416 | INFO | app.database.session | Database tables initialized
2026-04-17 17:46:42,724 | INFO | app.main | 🚀 Starting Petroleum Data API v1.0.0
2026-04-17 17:46:42,734 | INFO | app.database.session | Database tables initialized
2026-04-17 17:46:42,758 | INFO | app.main | 🚀 Starting Petroleum Data API v1.0.0
2026-04-17 17:46:42,770 | INFO | app.database.session | Database tables initialized
2026-04-17 17:46:44,228 | INFO | app.main | 🚀 Starting Petroleum Data API v1.0.0
2026-04-17 17:46:44,238 | INFO | app.database.session | Database tables initialized
2026-04-17 17:46:46,132 | INFO | app.main | 🚀 Starting Petroleum Data API v1.0.0
2026-04-17 17:46:46,143 | INFO | app.database.session | Database tables initialized
2026-04-17 17:56:52,143 | INFO | app.main | 🚀 Starting Petroleum Data API v1.0.0
2026-04-17 17:56:52,150 | INFO | app.database.session | Database tables initialized
2026-04-17 18:31:55,902 | INFO | app.main | 🛑 Application shutdown
2026-04-17 18:31:58,367 | INFO | app.main | 🚀 Starting Petroleum Data API v1.0.0
2026-04-17 18:31:58,381 | INFO | app.database.session | Database tables initialized
2026-04-17 18:32:00,853 | INFO | app.main | 🚀 Starting Petroleum Data API v1.0.0
2026-04-17 18:32:00,853 | INFO | app.database.session | Database tables initialized
2026-04-17 20:03:02,129 | INFO | app.main | 🛑 Application shutdown
2026-04-17 20:03:07,576 | INFO | app.main | 🚀 Starting Petroleum Data API v1.0.0
2026-04-17 20:03:07,580 | INFO | app.database.session | Database tables initialized
2026-04-17 20:20:00,587 | INFO | app.main | 🛑 Application shutdown
2026-04-17 20:22:26,592 | INFO | app.main | 🚀 Starting Petroleum Data API v1.0.0
2026-04-17 20:22:26,600 | INFO | app.database.session | Database tables initialized
2026-04-17 20:22:30,804 | INFO | app.main | 🚀 Starting Petroleum Data API v1.0.0
2026-04-17 20:22:30,811 | INFO | app.database.session | Database tables initialized
2026-04-17 20:24:00,211 | INFO | app.main | 🛑 Application shutdown
2026-04-17 20:24:05,003 | INFO | app.main | 🚀 Starting Petroleum Data API v1.0.0
2026-04-17 20:24:05,015 | INFO | app.database.session | Database tables initialized
2026-04-17 20:25:41,950 | INFO | app.main | 🛑 Application shutdown
2026-04-17 20:25:47,927 | INFO | app.main | 🚀 Starting Petroleum Data API v1.0.0
2026-04-17 20:25:47,964 | INFO | app.database.session | Database tables initialized
2026-04-17 20:43:18,947 | INFO | app.main | 🛑 Application shutdown
2026-04-17 20:48:48,363 | INFO | app.main | 🚀 Starting Petroleum Data API v1.0.0
2026-04-17 20:48:48,363 | INFO | app.main | 🚀 Starting Petroleum Data API v1.0.0
2026-04-17 20:48:48,363 | INFO | app.main | 🚀 Starting Petroleum Data API v1.0.0
2026-04-17 20:48:48,363 | INFO | app.database.session | Database tables initialized
2026-04-17 20:48:48,373 | INFO | app.database.session | Database tables initialized
2026-04-17 20:48:48,375 | INFO | app.database.session | Database tables initialized
2026-04-17 20:49:03,454 | INFO | app.main | 🚀 Starting Petroleum Data API v1.0.0
2026-04-17 20:49:03,454 | INFO | app.database.session | Database tables initialized
2026-04-17 21:00:35,685 | INFO | app.main | 🛑 Application shutdown
2026-04-17 21:00:37,690 | INFO | app.main | 🚀 Starting Petroleum Data API v1.0.0
2026-04-17 21:00:37,690 | INFO | app.database.session | Database tables initialized
2026-04-17 21:03:18,105 | INFO | app.main | 🛑 Application shutdown
2026-04-17 21:03:20,151 | INFO | app.main | 🚀 Starting Petroleum Data API v1.0.0
2026-04-17 21:03:20,156 | INFO | app.database.session | Database tables initialized
2026-04-17 21:03:56,140 | INFO | app.main | 🛑 Application shutdown
2026-04-17 21:03:58,253 | INFO | app.main | 🚀 Starting Petroleum Data API v1.0.0
2026-04-17 21:03:58,256 | INFO | app.database.session | Database tables initialized
2026-04-17 21:04:00,083 | INFO | app.main | 🚀 Starting Petroleum Data API v1.0.0
2026-04-17 21:04:00,086 | INFO | app.database.session | Database tables initialized
2026-04-17 21:11:21,239 | INFO | app.main | 🛑 Application shutdown
2026-04-17 21:11:23,299 | INFO | app.main | 🚀 Starting Petroleum Data API v1.0.0
2026-04-17 21:11:23,302 | INFO | app.database.session | Database tables initialized
2026-04-17 21:11:25,258 | INFO | app.main | 🚀 Starting Petroleum Data API v1.0.0
2026-04-17 21:11:25,262 | INFO | app.database.session | Database tables initialized
2026-04-17 21:11:25,269 | ERROR | app.main | Unhandled exception: No module named 'app.core.security'
Traceback (most recent call last):
  File "C:\Users\HP\Desktop\backend_pfe\.venv\Lib\site-packages\starlette\middleware\errors.py", line 164, in __call__
    await self.app(scope, receive, _send)
  File "C:\Users\HP\Desktop\backend_pfe\.venv\Lib\site-packages\starlette\middleware\cors.py", line 85, in __call__
    await self.app(scope, receive, send)
  File "C:\Users\HP\Desktop\backend_pfe\.venv\Lib\site-packages\starlette\middleware\exceptions.py", line 65, in __call__
    await wrap_app_handling_exceptions(self.app, conn)(scope, receive, send)
  File "C:\Users\HP\Desktop\backend_pfe\.venv\Lib\site-packages\starlette\_exception_handler.py", line 64, in wrapped_app
    raise exc
  File "C:\Users\HP\Desktop\backend_pfe\.venv\Lib\site-packages\starlette\_exception_handler.py", line 53, in wrapped_app
    await app(scope, receive, sender)
  File "C:\Users\HP\Desktop\backend_pfe\.venv\Lib\site-packages\starlette\routing.py", line 756, in __call__
    await self.middleware_stack(scope, receive, send)
  File "C:\Users\HP\Desktop\backend_pfe\.venv\Lib\site-packages\starlette\routing.py", line 776, in app
    await route.handle(scope, receive, send)
  File "C:\Users\HP\Desktop\backend_pfe\.venv\Lib\site-packages\starlette\routing.py", line 297, in handle
    await self.app(scope, receive, send)
  File "C:\Users\HP\Desktop\backend_pfe\.venv\Lib\site-packages\starlette\routing.py", line 77, in app
    await wrap_app_handling_exceptions(app, request)(scope, receive, send)
  File "C:\Users\HP\Desktop\backend_pfe\.venv\Lib\site-packages\starlette\_exception_handler.py", line 64, in wrapped_app
    raise exc
  File "C:\Users\HP\Desktop\backend_pfe\.venv\Lib\site-packages\starlette\_exception_handler.py", line 53, in wrapped_app
    await app(scope, receive, sender)
  File "C:\Users\HP\Desktop\backend_pfe\.venv\Lib\site-packages\starlette\routing.py", line 72, in app
    response = await func(request)
               ^^^^^^^^^^^^^^^^^^^
  File "C:\Users\HP\Desktop\backend_pfe\.venv\Lib\site-packages\fastapi\routing.py", line 278, in app
    raw_response = await run_endpoint_function(
                   ^^^^^^^^^^^^^^^^^^^^^^^^^^^^
  File "C:\Users\HP\Desktop\backend_pfe\.venv\Lib\site-packages\fastapi\routing.py", line 193, in run_endpoint_function
    return await run_in_threadpool(dependant.call, **values)
           ^^^^^^^^^^^^^^^^^^^^^^^^^^^^^^^^^^^^^^^^^^^^^^^^^
  File "C:\Users\HP\Desktop\backend_pfe\.venv\Lib\site-packages\starlette\concurrency.py", line 42, in run_in_threadpool
    return await anyio.to_thread.run_sync(func, *args)
           ^^^^^^^^^^^^^^^^^^^^^^^^^^^^^^^^^^^^^^^^^^^
  File "C:\Users\HP\Desktop\backend_pfe\.venv\Lib\site-packages\anyio\to_thread.py", line 63, in run_sync
    return await get_async_backend().run_sync_in_worker_thread(
           ^^^^^^^^^^^^^^^^^^^^^^^^^^^^^^^^^^^^^^^^^^^^^^^^^^^^
  File "C:\Users\HP\Desktop\backend_pfe\.venv\Lib\site-packages\anyio\_backends\_asyncio.py", line 2518, in run_sync_in_worker_thread
    return await future
           ^^^^^^^^^^^^
  File "C:\Users\HP\Desktop\backend_pfe\.venv\Lib\site-packages\anyio\_backends\_asyncio.py", line 1002, in run
    result = context.run(func, *args)
             ^^^^^^^^^^^^^^^^^^^^^^^^
  File "C:\Users\HP\Desktop\backend_pfe\app\main.py", line 79, in fix_password
    from app.core.security import get_password_hash
ModuleNotFoundError: No module named 'app.core.security'
2026-04-17 21:11:54,753 | ERROR | app.main | Unhandled exception: No module named 'app.core.security'
Traceback (most recent call last):
  File "C:\Users\HP\Desktop\backend_pfe\.venv\Lib\site-packages\starlette\middleware\errors.py", line 164, in __call__
    await self.app(scope, receive, _send)
  File "C:\Users\HP\Desktop\backend_pfe\.venv\Lib\site-packages\starlette\middleware\cors.py", line 85, in __call__
    await self.app(scope, receive, send)
  File "C:\Users\HP\Desktop\backend_pfe\.venv\Lib\site-packages\starlette\middleware\exceptions.py", line 65, in __call__
    await wrap_app_handling_exceptions(self.app, conn)(scope, receive, send)
  File "C:\Users\HP\Desktop\backend_pfe\.venv\Lib\site-packages\starlette\_exception_handler.py", line 64, in wrapped_app
    raise exc
  File "C:\Users\HP\Desktop\backend_pfe\.venv\Lib\site-packages\starlette\_exception_handler.py", line 53, in wrapped_app
    await app(scope, receive, sender)
  File "C:\Users\HP\Desktop\backend_pfe\.venv\Lib\site-packages\starlette\routing.py", line 756, in __call__
    await self.middleware_stack(scope, receive, send)
  File "C:\Users\HP\Desktop\backend_pfe\.venv\Lib\site-packages\starlette\routing.py", line 776, in app
    await route.handle(scope, receive, send)
  File "C:\Users\HP\Desktop\backend_pfe\.venv\Lib\site-packages\starlette\routing.py", line 297, in handle
    await self.app(scope, receive, send)
  File "C:\Users\HP\Desktop\backend_pfe\.venv\Lib\site-packages\starlette\routing.py", line 77, in app
    await wrap_app_handling_exceptions(app, request)(scope, receive, send)
  File "C:\Users\HP\Desktop\backend_pfe\.venv\Lib\site-packages\starlette\_exception_handler.py", line 64, in wrapped_app
    raise exc
  File "C:\Users\HP\Desktop\backend_pfe\.venv\Lib\site-packages\starlette\_exception_handler.py", line 53, in wrapped_app
    await app(scope, receive, sender)
  File "C:\Users\HP\Desktop\backend_pfe\.venv\Lib\site-packages\starlette\routing.py", line 72, in app
    response = await func(request)
               ^^^^^^^^^^^^^^^^^^^
  File "C:\Users\HP\Desktop\backend_pfe\.venv\Lib\site-packages\fastapi\routing.py", line 278, in app
    raw_response = await run_endpoint_function(
                   ^^^^^^^^^^^^^^^^^^^^^^^^^^^^
  File "C:\Users\HP\Desktop\backend_pfe\.venv\Lib\site-packages\fastapi\routing.py", line 193, in run_endpoint_function
    return await run_in_threadpool(dependant.call, **values)
           ^^^^^^^^^^^^^^^^^^^^^^^^^^^^^^^^^^^^^^^^^^^^^^^^^
  File "C:\Users\HP\Desktop\backend_pfe\.venv\Lib\site-packages\starlette\concurrency.py", line 42, in run_in_threadpool
    return await anyio.to_thread.run_sync(func, *args)
           ^^^^^^^^^^^^^^^^^^^^^^^^^^^^^^^^^^^^^^^^^^^
  File "C:\Users\HP\Desktop\backend_pfe\.venv\Lib\site-packages\anyio\to_thread.py", line 63, in run_sync
    return await get_async_backend().run_sync_in_worker_thread(
           ^^^^^^^^^^^^^^^^^^^^^^^^^^^^^^^^^^^^^^^^^^^^^^^^^^^^
  File "C:\Users\HP\Desktop\backend_pfe\.venv\Lib\site-packages\anyio\_backends\_asyncio.py", line 2518, in run_sync_in_worker_thread
    return await future
           ^^^^^^^^^^^^
  File "C:\Users\HP\Desktop\backend_pfe\.venv\Lib\site-packages\anyio\_backends\_asyncio.py", line 1002, in run
    result = context.run(func, *args)
             ^^^^^^^^^^^^^^^^^^^^^^^^
  File "C:\Users\HP\Desktop\backend_pfe\app\main.py", line 79, in fix_password
    result = db.execute(text("SELECT 1")).fetchone()
    ^^^^^^^^^^^^^^^^^^^^^^^^^^^^^^^^^^^^^^^^^^^^^^^
ModuleNotFoundError: No module named 'app.core.security'
2026-04-17 21:11:54,921 | INFO | app.main | 🛑 Application shutdown
2026-04-17 21:11:56,926 | INFO | app.main | 🚀 Starting Petroleum Data API v1.0.0
2026-04-17 21:11:56,929 | INFO | app.database.session | Database tables initialized
2026-04-17 21:11:58,927 | INFO | app.main | 🚀 Starting Petroleum Data API v1.0.0
2026-04-17 21:11:58,933 | INFO | app.database.session | Database tables initialized
2026-04-17 21:11:58,944 | ERROR | app.main | Unhandled exception: No module named 'app.core.security'
Traceback (most recent call last):
  File "C:\Users\HP\Desktop\backend_pfe\.venv\Lib\site-packages\starlette\middleware\errors.py", line 164, in __call__
    await self.app(scope, receive, _send)
  File "C:\Users\HP\Desktop\backend_pfe\.venv\Lib\site-packages\starlette\middleware\cors.py", line 85, in __call__
    await self.app(scope, receive, send)
  File "C:\Users\HP\Desktop\backend_pfe\.venv\Lib\site-packages\starlette\middleware\exceptions.py", line 65, in __call__
    await wrap_app_handling_exceptions(self.app, conn)(scope, receive, send)
  File "C:\Users\HP\Desktop\backend_pfe\.venv\Lib\site-packages\starlette\_exception_handler.py", line 64, in wrapped_app
    raise exc
  File "C:\Users\HP\Desktop\backend_pfe\.venv\Lib\site-packages\starlette\_exception_handler.py", line 53, in wrapped_app
    await app(scope, receive, sender)
  File "C:\Users\HP\Desktop\backend_pfe\.venv\Lib\site-packages\starlette\routing.py", line 756, in __call__
    await self.middleware_stack(scope, receive, send)
  File "C:\Users\HP\Desktop\backend_pfe\.venv\Lib\site-packages\starlette\routing.py", line 776, in app
    await route.handle(scope, receive, send)
  File "C:\Users\HP\Desktop\backend_pfe\.venv\Lib\site-packages\starlette\routing.py", line 297, in handle
    await self.app(scope, receive, send)
  File "C:\Users\HP\Desktop\backend_pfe\.venv\Lib\site-packages\starlette\routing.py", line 77, in app
    await wrap_app_handling_exceptions(app, request)(scope, receive, send)
  File "C:\Users\HP\Desktop\backend_pfe\.venv\Lib\site-packages\starlette\_exception_handler.py", line 64, in wrapped_app
    raise exc
  File "C:\Users\HP\Desktop\backend_pfe\.venv\Lib\site-packages\starlette\_exception_handler.py", line 53, in wrapped_app
    await app(scope, receive, sender)
  File "C:\Users\HP\Desktop\backend_pfe\.venv\Lib\site-packages\starlette\routing.py", line 72, in app
    response = await func(request)
               ^^^^^^^^^^^^^^^^^^^
  File "C:\Users\HP\Desktop\backend_pfe\.venv\Lib\site-packages\fastapi\routing.py", line 278, in app
    raw_response = await run_endpoint_function(
                   ^^^^^^^^^^^^^^^^^^^^^^^^^^^^
  File "C:\Users\HP\Desktop\backend_pfe\.venv\Lib\site-packages\fastapi\routing.py", line 193, in run_endpoint_function
    return await run_in_threadpool(dependant.call, **values)
           ^^^^^^^^^^^^^^^^^^^^^^^^^^^^^^^^^^^^^^^^^^^^^^^^^
  File "C:\Users\HP\Desktop\backend_pfe\.venv\Lib\site-packages\starlette\concurrency.py", line 42, in run_in_threadpool
    return await anyio.to_thread.run_sync(func, *args)
           ^^^^^^^^^^^^^^^^^^^^^^^^^^^^^^^^^^^^^^^^^^^
  File "C:\Users\HP\Desktop\backend_pfe\.venv\Lib\site-packages\anyio\to_thread.py", line 63, in run_sync
    return await get_async_backend().run_sync_in_worker_thread(
           ^^^^^^^^^^^^^^^^^^^^^^^^^^^^^^^^^^^^^^^^^^^^^^^^^^^^
  File "C:\Users\HP\Desktop\backend_pfe\.venv\Lib\site-packages\anyio\_backends\_asyncio.py", line 2518, in run_sync_in_worker_thread
    return await future
           ^^^^^^^^^^^^
  File "C:\Users\HP\Desktop\backend_pfe\.venv\Lib\site-packages\anyio\_backends\_asyncio.py", line 1002, in run
    result = context.run(func, *args)
             ^^^^^^^^^^^^^^^^^^^^^^^^
  File "C:\Users\HP\Desktop\backend_pfe\app\main.py", line 84, in fix_password
    from app.core.security import get_password_hash
ModuleNotFoundError: No module named 'app.core.security'
2026-04-17 21:12:00,536 | INFO | app.main | 🛑 Application shutdown
2026-04-17 21:12:02,539 | INFO | app.main | 🚀 Starting Petroleum Data API v1.0.0
2026-04-17 21:12:02,542 | INFO | app.database.session | Database tables initialized
2026-04-17 21:12:04,511 | INFO | app.main | 🚀 Starting Petroleum Data API v1.0.0
2026-04-17 21:12:04,516 | INFO | app.database.session | Database tables initialized
2026-04-17 21:12:11,530 | ERROR | app.main | Unhandled exception: No module named 'app.core.security'
Traceback (most recent call last):
  File "C:\Users\HP\Desktop\backend_pfe\.venv\Lib\site-packages\starlette\middleware\errors.py", line 164, in __call__
    await self.app(scope, receive, _send)
  File "C:\Users\HP\Desktop\backend_pfe\.venv\Lib\site-packages\starlette\middleware\cors.py", line 85, in __call__
    await self.app(scope, receive, send)
  File "C:\Users\HP\Desktop\backend_pfe\.venv\Lib\site-packages\starlette\middleware\exceptions.py", line 65, in __call__
    await wrap_app_handling_exceptions(self.app, conn)(scope, receive, send)
  File "C:\Users\HP\Desktop\backend_pfe\.venv\Lib\site-packages\starlette\_exception_handler.py", line 64, in wrapped_app
    raise exc
  File "C:\Users\HP\Desktop\backend_pfe\.venv\Lib\site-packages\starlette\_exception_handler.py", line 53, in wrapped_app
    await app(scope, receive, sender)
  File "C:\Users\HP\Desktop\backend_pfe\.venv\Lib\site-packages\starlette\routing.py", line 756, in __call__
    await self.middleware_stack(scope, receive, send)
  File "C:\Users\HP\Desktop\backend_pfe\.venv\Lib\site-packages\starlette\routing.py", line 776, in app
    await route.handle(scope, receive, send)
  File "C:\Users\HP\Desktop\backend_pfe\.venv\Lib\site-packages\starlette\routing.py", line 297, in handle
    await self.app(scope, receive, send)
  File "C:\Users\HP\Desktop\backend_pfe\.venv\Lib\site-packages\starlette\routing.py", line 77, in app
    await wrap_app_handling_exceptions(app, request)(scope, receive, send)
  File "C:\Users\HP\Desktop\backend_pfe\.venv\Lib\site-packages\starlette\_exception_handler.py", line 64, in wrapped_app
    raise exc
  File "C:\Users\HP\Desktop\backend_pfe\.venv\Lib\site-packages\starlette\_exception_handler.py", line 53, in wrapped_app
    await app(scope, receive, sender)
  File "C:\Users\HP\Desktop\backend_pfe\.venv\Lib\site-packages\starlette\routing.py", line 72, in app
    response = await func(request)
               ^^^^^^^^^^^^^^^^^^^
  File "C:\Users\HP\Desktop\backend_pfe\.venv\Lib\site-packages\fastapi\routing.py", line 278, in app
    raw_response = await run_endpoint_function(
                   ^^^^^^^^^^^^^^^^^^^^^^^^^^^^
  File "C:\Users\HP\Desktop\backend_pfe\.venv\Lib\site-packages\fastapi\routing.py", line 193, in run_endpoint_function
    return await run_in_threadpool(dependant.call, **values)
           ^^^^^^^^^^^^^^^^^^^^^^^^^^^^^^^^^^^^^^^^^^^^^^^^^
  File "C:\Users\HP\Desktop\backend_pfe\.venv\Lib\site-packages\starlette\concurrency.py", line 42, in run_in_threadpool
    return await anyio.to_thread.run_sync(func, *args)
           ^^^^^^^^^^^^^^^^^^^^^^^^^^^^^^^^^^^^^^^^^^^
  File "C:\Users\HP\Desktop\backend_pfe\.venv\Lib\site-packages\anyio\to_thread.py", line 63, in run_sync
    return await get_async_backend().run_sync_in_worker_thread(
           ^^^^^^^^^^^^^^^^^^^^^^^^^^^^^^^^^^^^^^^^^^^^^^^^^^^^
  File "C:\Users\HP\Desktop\backend_pfe\.venv\Lib\site-packages\anyio\_backends\_asyncio.py", line 2518, in run_sync_in_worker_thread
    return await future
           ^^^^^^^^^^^^
  File "C:\Users\HP\Desktop\backend_pfe\.venv\Lib\site-packages\anyio\_backends\_asyncio.py", line 1002, in run
    result = context.run(func, *args)
             ^^^^^^^^^^^^^^^^^^^^^^^^
  File "C:\Users\HP\Desktop\backend_pfe\app\main.py", line 84, in fix_password
    from app.core.security import get_password_hash
ModuleNotFoundError: No module named 'app.core.security'
2026-04-17 21:13:07,514 | ERROR | app.main | Unhandled exception: No module named 'app.core.security'
Traceback (most recent call last):
  File "C:\Users\HP\Desktop\backend_pfe\.venv\Lib\site-packages\starlette\middleware\errors.py", line 164, in __call__
    await self.app(scope, receive, _send)
  File "C:\Users\HP\Desktop\backend_pfe\.venv\Lib\site-packages\starlette\middleware\cors.py", line 85, in __call__
    await self.app(scope, receive, send)
  File "C:\Users\HP\Desktop\backend_pfe\.venv\Lib\site-packages\starlette\middleware\exceptions.py", line 65, in __call__
    await wrap_app_handling_exceptions(self.app, conn)(scope, receive, send)
  File "C:\Users\HP\Desktop\backend_pfe\.venv\Lib\site-packages\starlette\_exception_handler.py", line 64, in wrapped_app
    raise exc
  File "C:\Users\HP\Desktop\backend_pfe\.venv\Lib\site-packages\starlette\_exception_handler.py", line 53, in wrapped_app
    await app(scope, receive, sender)
  File "C:\Users\HP\Desktop\backend_pfe\.venv\Lib\site-packages\starlette\routing.py", line 756, in __call__
    await self.middleware_stack(scope, receive, send)
  File "C:\Users\HP\Desktop\backend_pfe\.venv\Lib\site-packages\starlette\routing.py", line 776, in app
    await route.handle(scope, receive, send)
  File "C:\Users\HP\Desktop\backend_pfe\.venv\Lib\site-packages\starlette\routing.py", line 297, in handle
    await self.app(scope, receive, send)
  File "C:\Users\HP\Desktop\backend_pfe\.venv\Lib\site-packages\starlette\routing.py", line 77, in app
    await wrap_app_handling_exceptions(app, request)(scope, receive, send)
  File "C:\Users\HP\Desktop\backend_pfe\.venv\Lib\site-packages\starlette\_exception_handler.py", line 64, in wrapped_app
    raise exc
  File "C:\Users\HP\Desktop\backend_pfe\.venv\Lib\site-packages\starlette\_exception_handler.py", line 53, in wrapped_app
    await app(scope, receive, sender)
  File "C:\Users\HP\Desktop\backend_pfe\.venv\Lib\site-packages\starlette\routing.py", line 72, in app
    response = await func(request)
               ^^^^^^^^^^^^^^^^^^^
  File "C:\Users\HP\Desktop\backend_pfe\.venv\Lib\site-packages\fastapi\routing.py", line 278, in app
    raw_response = await run_endpoint_function(
                   ^^^^^^^^^^^^^^^^^^^^^^^^^^^^
  File "C:\Users\HP\Desktop\backend_pfe\.venv\Lib\site-packages\fastapi\routing.py", line 193, in run_endpoint_function
    return await run_in_threadpool(dependant.call, **values)
           ^^^^^^^^^^^^^^^^^^^^^^^^^^^^^^^^^^^^^^^^^^^^^^^^^
  File "C:\Users\HP\Desktop\backend_pfe\.venv\Lib\site-packages\starlette\concurrency.py", line 42, in run_in_threadpool
    return await anyio.to_thread.run_sync(func, *args)
           ^^^^^^^^^^^^^^^^^^^^^^^^^^^^^^^^^^^^^^^^^^^
  File "C:\Users\HP\Desktop\backend_pfe\.venv\Lib\site-packages\anyio\to_thread.py", line 63, in run_sync
    return await get_async_backend().run_sync_in_worker_thread(
           ^^^^^^^^^^^^^^^^^^^^^^^^^^^^^^^^^^^^^^^^^^^^^^^^^^^^
  File "C:\Users\HP\Desktop\backend_pfe\.venv\Lib\site-packages\anyio\_backends\_asyncio.py", line 2518, in run_sync_in_worker_thread
    return await future
           ^^^^^^^^^^^^
  File "C:\Users\HP\Desktop\backend_pfe\.venv\Lib\site-packages\anyio\_backends\_asyncio.py", line 1002, in run
    result = context.run(func, *args)
             ^^^^^^^^^^^^^^^^^^^^^^^^
  File "C:\Users\HP\Desktop\backend_pfe\app\main.py", line 84, in fix_password
    from app.models.user import User
ModuleNotFoundError: No module named 'app.core.security'
2026-04-17 21:13:07,685 | INFO | app.main | 🛑 Application shutdown
2026-04-17 21:13:09,685 | INFO | app.main | 🚀 Starting Petroleum Data API v1.0.0
2026-04-17 21:13:09,685 | INFO | app.database.session | Database tables initialized
2026-04-17 21:13:11,637 | INFO | app.main | 🚀 Starting Petroleum Data API v1.0.0
2026-04-17 21:13:11,637 | INFO | app.database.session | Database tables initialized
2026-04-17 21:13:12,520 | ERROR | app.main | Unhandled exception: No module named 'app.core.security'
Traceback (most recent call last):
  File "C:\Users\HP\Desktop\backend_pfe\.venv\Lib\site-packages\starlette\middleware\errors.py", line 164, in __call__
    await self.app(scope, receive, _send)
  File "C:\Users\HP\Desktop\backend_pfe\.venv\Lib\site-packages\starlette\middleware\cors.py", line 85, in __call__
    await self.app(scope, receive, send)
  File "C:\Users\HP\Desktop\backend_pfe\.venv\Lib\site-packages\starlette\middleware\exceptions.py", line 65, in __call__
    await wrap_app_handling_exceptions(self.app, conn)(scope, receive, send)
  File "C:\Users\HP\Desktop\backend_pfe\.venv\Lib\site-packages\starlette\_exception_handler.py", line 64, in wrapped_app
    raise exc
  File "C:\Users\HP\Desktop\backend_pfe\.venv\Lib\site-packages\starlette\_exception_handler.py", line 53, in wrapped_app
    await app(scope, receive, sender)
  File "C:\Users\HP\Desktop\backend_pfe\.venv\Lib\site-packages\starlette\routing.py", line 756, in __call__
    await self.middleware_stack(scope, receive, send)
  File "C:\Users\HP\Desktop\backend_pfe\.venv\Lib\site-packages\starlette\routing.py", line 776, in app
    await route.handle(scope, receive, send)
  File "C:\Users\HP\Desktop\backend_pfe\.venv\Lib\site-packages\starlette\routing.py", line 297, in handle
    await self.app(scope, receive, send)
  File "C:\Users\HP\Desktop\backend_pfe\.venv\Lib\site-packages\starlette\routing.py", line 77, in app
    await wrap_app_handling_exceptions(app, request)(scope, receive, send)
  File "C:\Users\HP\Desktop\backend_pfe\.venv\Lib\site-packages\starlette\_exception_handler.py", line 64, in wrapped_app
    raise exc
  File "C:\Users\HP\Desktop\backend_pfe\.venv\Lib\site-packages\starlette\_exception_handler.py", line 53, in wrapped_app
    await app(scope, receive, sender)
  File "C:\Users\HP\Desktop\backend_pfe\.venv\Lib\site-packages\starlette\routing.py", line 72, in app
    response = await func(request)
               ^^^^^^^^^^^^^^^^^^^
  File "C:\Users\HP\Desktop\backend_pfe\.venv\Lib\site-packages\fastapi\routing.py", line 278, in app
    raw_response = await run_endpoint_function(
                   ^^^^^^^^^^^^^^^^^^^^^^^^^^^^
  File "C:\Users\HP\Desktop\backend_pfe\.venv\Lib\site-packages\fastapi\routing.py", line 193, in run_endpoint_function
    return await run_in_threadpool(dependant.call, **values)
           ^^^^^^^^^^^^^^^^^^^^^^^^^^^^^^^^^^^^^^^^^^^^^^^^^
  File "C:\Users\HP\Desktop\backend_pfe\.venv\Lib\site-packages\starlette\concurrency.py", line 42, in run_in_threadpool
    return await anyio.to_thread.run_sync(func, *args)
           ^^^^^^^^^^^^^^^^^^^^^^^^^^^^^^^^^^^^^^^^^^^
  File "C:\Users\HP\Desktop\backend_pfe\.venv\Lib\site-packages\anyio\to_thread.py", line 63, in run_sync
    return await get_async_backend().run_sync_in_worker_thread(
           ^^^^^^^^^^^^^^^^^^^^^^^^^^^^^^^^^^^^^^^^^^^^^^^^^^^^
  File "C:\Users\HP\Desktop\backend_pfe\.venv\Lib\site-packages\anyio\_backends\_asyncio.py", line 2518, in run_sync_in_worker_thread
    return await future
           ^^^^^^^^^^^^
  File "C:\Users\HP\Desktop\backend_pfe\.venv\Lib\site-packages\anyio\_backends\_asyncio.py", line 1002, in run
    result = context.run(func, *args)
             ^^^^^^^^^^^^^^^^^^^^^^^^
  File "C:\Users\HP\Desktop\backend_pfe\app\main.py", line 85, in fix_password
    from app.core.security import get_password_hash
ModuleNotFoundError: No module named 'app.core.security'
2026-04-17 21:48:41,184 | INFO | app.main | 🛑 Application shutdown
2026-04-17 21:48:44,173 | ERROR | app.main | Unhandled exception: No module named 'app.core.security'
Traceback (most recent call last):
  File "C:\Users\HP\Desktop\backend_pfe\.venv\Lib\site-packages\starlette\middleware\errors.py", line 164, in __call__
    await self.app(scope, receive, _send)
  File "C:\Users\HP\Desktop\backend_pfe\.venv\Lib\site-packages\starlette\middleware\cors.py", line 85, in __call__
    await self.app(scope, receive, send)
  File "C:\Users\HP\Desktop\backend_pfe\.venv\Lib\site-packages\starlette\middleware\exceptions.py", line 65, in __call__
    await wrap_app_handling_exceptions(self.app, conn)(scope, receive, send)
  File "C:\Users\HP\Desktop\backend_pfe\.venv\Lib\site-packages\starlette\_exception_handler.py", line 64, in wrapped_app
    raise exc
  File "C:\Users\HP\Desktop\backend_pfe\.venv\Lib\site-packages\starlette\_exception_handler.py", line 53, in wrapped_app
    await app(scope, receive, sender)
  File "C:\Users\HP\Desktop\backend_pfe\.venv\Lib\site-packages\starlette\routing.py", line 756, in __call__
    await self.middleware_stack(scope, receive, send)
  File "C:\Users\HP\Desktop\backend_pfe\.venv\Lib\site-packages\starlette\routing.py", line 776, in app
    await route.handle(scope, receive, send)
  File "C:\Users\HP\Desktop\backend_pfe\.venv\Lib\site-packages\starlette\routing.py", line 297, in handle
    await self.app(scope, receive, send)
  File "C:\Users\HP\Desktop\backend_pfe\.venv\Lib\site-packages\starlette\routing.py", line 77, in app
    await wrap_app_handling_exceptions(app, request)(scope, receive, send)
  File "C:\Users\HP\Desktop\backend_pfe\.venv\Lib\site-packages\starlette\_exception_handler.py", line 64, in wrapped_app
    raise exc
  File "C:\Users\HP\Desktop\backend_pfe\.venv\Lib\site-packages\starlette\_exception_handler.py", line 53, in wrapped_app
    await app(scope, receive, sender)
  File "C:\Users\HP\Desktop\backend_pfe\.venv\Lib\site-packages\starlette\routing.py", line 72, in app
    response = await func(request)
               ^^^^^^^^^^^^^^^^^^^
  File "C:\Users\HP\Desktop\backend_pfe\.venv\Lib\site-packages\fastapi\routing.py", line 278, in app
    raw_response = await run_endpoint_function(
                   ^^^^^^^^^^^^^^^^^^^^^^^^^^^^
  File "C:\Users\HP\Desktop\backend_pfe\.venv\Lib\site-packages\fastapi\routing.py", line 193, in run_endpoint_function
    return await run_in_threadpool(dependant.call, **values)
           ^^^^^^^^^^^^^^^^^^^^^^^^^^^^^^^^^^^^^^^^^^^^^^^^^
  File "C:\Users\HP\Desktop\backend_pfe\.venv\Lib\site-packages\starlette\concurrency.py", line 42, in run_in_threadpool
    return await anyio.to_thread.run_sync(func, *args)
           ^^^^^^^^^^^^^^^^^^^^^^^^^^^^^^^^^^^^^^^^^^^
  File "C:\Users\HP\Desktop\backend_pfe\.venv\Lib\site-packages\anyio\to_thread.py", line 63, in run_sync
    return await get_async_backend().run_sync_in_worker_thread(
           ^^^^^^^^^^^^^^^^^^^^^^^^^^^^^^^^^^^^^^^^^^^^^^^^^^^^
  File "C:\Users\HP\Desktop\backend_pfe\.venv\Lib\site-packages\anyio\_backends\_asyncio.py", line 2518, in run_sync_in_worker_thread
    return await future
           ^^^^^^^^^^^^
  File "C:\Users\HP\Desktop\backend_pfe\.venv\Lib\site-packages\anyio\_backends\_asyncio.py", line 1002, in run
    result = context.run(func, *args)
             ^^^^^^^^^^^^^^^^^^^^^^^^
  File "C:\Users\HP\Desktop\backend_pfe\app\main.py", line 85, in fix_password
    from app.core.security import get_password_hash
ModuleNotFoundError: No module named 'app.core.security'
2026-04-17 21:48:45,235 | INFO | app.main | 🚀 Starting Petroleum Data API v1.0.0
2026-04-17 21:48:45,235 | INFO | app.database.session | Database tables initialized
2026-04-18 03:44:10,366 | INFO | app.main | 🚀 Starting Petroleum Data API v1.0.0
2026-04-18 03:44:10,381 | INFO | app.database.session | Database tables initialized
2026-04-18 03:45:33,627 | ERROR | app.main | Unhandled exception: No module named 'app.core.security'
Traceback (most recent call last):
  File "C:\Users\HP\Desktop\backend_pfe\.venv\Lib\site-packages\starlette\middleware\errors.py", line 164, in __call__
    await self.app(scope, receive, _send)
  File "C:\Users\HP\Desktop\backend_pfe\.venv\Lib\site-packages\starlette\middleware\cors.py", line 85, in __call__
    await self.app(scope, receive, send)
  File "C:\Users\HP\Desktop\backend_pfe\.venv\Lib\site-packages\starlette\middleware\exceptions.py", line 65, in __call__
    await wrap_app_handling_exceptions(self.app, conn)(scope, receive, send)
  File "C:\Users\HP\Desktop\backend_pfe\.venv\Lib\site-packages\starlette\_exception_handler.py", line 64, in wrapped_app
    raise exc
  File "C:\Users\HP\Desktop\backend_pfe\.venv\Lib\site-packages\starlette\_exception_handler.py", line 53, in wrapped_app
    await app(scope, receive, sender)
  File "C:\Users\HP\Desktop\backend_pfe\.venv\Lib\site-packages\starlette\routing.py", line 756, in __call__
    await self.middleware_stack(scope, receive, send)
  File "C:\Users\HP\Desktop\backend_pfe\.venv\Lib\site-packages\starlette\routing.py", line 776, in app
    await route.handle(scope, receive, send)
  File "C:\Users\HP\Desktop\backend_pfe\.venv\Lib\site-packages\starlette\routing.py", line 297, in handle
    await self.app(scope, receive, send)
  File "C:\Users\HP\Desktop\backend_pfe\.venv\Lib\site-packages\starlette\routing.py", line 77, in app
    await wrap_app_handling_exceptions(app, request)(scope, receive, send)
  File "C:\Users\HP\Desktop\backend_pfe\.venv\Lib\site-packages\starlette\_exception_handler.py", line 64, in wrapped_app
    raise exc
  File "C:\Users\HP\Desktop\backend_pfe\.venv\Lib\site-packages\starlette\_exception_handler.py", line 53, in wrapped_app
    await app(scope, receive, sender)
  File "C:\Users\HP\Desktop\backend_pfe\.venv\Lib\site-packages\starlette\routing.py", line 72, in app
    response = await func(request)
               ^^^^^^^^^^^^^^^^^^^
  File "C:\Users\HP\Desktop\backend_pfe\.venv\Lib\site-packages\fastapi\routing.py", line 278, in app
    raw_response = await run_endpoint_function(
                   ^^^^^^^^^^^^^^^^^^^^^^^^^^^^
  File "C:\Users\HP\Desktop\backend_pfe\.venv\Lib\site-packages\fastapi\routing.py", line 193, in run_endpoint_function
    return await run_in_threadpool(dependant.call, **values)
           ^^^^^^^^^^^^^^^^^^^^^^^^^^^^^^^^^^^^^^^^^^^^^^^^^
  File "C:\Users\HP\Desktop\backend_pfe\.venv\Lib\site-packages\starlette\concurrency.py", line 42, in run_in_threadpool
    return await anyio.to_thread.run_sync(func, *args)
           ^^^^^^^^^^^^^^^^^^^^^^^^^^^^^^^^^^^^^^^^^^^
  File "C:\Users\HP\Desktop\backend_pfe\.venv\Lib\site-packages\anyio\to_thread.py", line 63, in run_sync
    return await get_async_backend().run_sync_in_worker_thread(
           ^^^^^^^^^^^^^^^^^^^^^^^^^^^^^^^^^^^^^^^^^^^^^^^^^^^^
  File "C:\Users\HP\Desktop\backend_pfe\.venv\Lib\site-packages\anyio\_backends\_asyncio.py", line 2518, in run_sync_in_worker_thread
    return await future
           ^^^^^^^^^^^^
  File "C:\Users\HP\Desktop\backend_pfe\.venv\Lib\site-packages\anyio\_backends\_asyncio.py", line 1002, in run
    result = context.run(func, *args)
             ^^^^^^^^^^^^^^^^^^^^^^^^
  File "C:\Users\HP\Desktop\backend_pfe\app\main.py", line 85, in fix_password
    from app.core.security import get_password_hash
ModuleNotFoundError: No module named 'app.core.security'
2026-04-18 03:57:39,575 | INFO | app.main | 🛑 Application shutdown
2026-04-18 03:57:45,541 | INFO | app.main | 🚀 Starting Petroleum Data API v1.0.0
2026-04-18 03:57:45,552 | INFO | app.database.session | Database tables initialized
2026-04-18 04:21:35,105 | INFO | app.main | 🛑 Application shutdown
2026-04-18 04:21:42,679 | INFO | app.main | 🚀 Starting Petroleum Data API v1.0.0
2026-04-18 04:21:42,692 | INFO | app.database.session | Database tables initialized
2026-04-18 07:07:29,090 | INFO | app.main | 🛑 Application shutdown
2026-04-18 07:07:53,557 | INFO | app.main | 🚀 Starting Petroleum Data API v1.0.0
2026-04-18 07:07:53,596 | INFO | app.database.session | Database tables initialized
2026-04-18 23:45:08,132 | INFO | app.main | 🛑 Application shutdown
2026-04-18 23:45:14,776 | INFO | app.main | 🚀 Starting Petroleum Data API v1.0.0
2026-04-18 23:45:14,806 | INFO | app.database.session | Database tables initialized
2026-04-18 23:59:13,510 | INFO | app.main | 🛑 Application shutdown
2026-04-18 23:59:15,592 | INFO | app.main | 🚀 Starting Petroleum Data API v1.0.0
2026-04-18 23:59:15,607 | INFO | app.database.session | Database tables initialized
2026-04-19 23:18:01,624 | INFO | app.main | 🚀 Starting Petroleum Data API v1.0.0
2026-04-19 23:18:01,658 | INFO | app.database.session | Database tables initialized
2026-04-19 23:18:01,765 | INFO | app.main | 🛑 Application shutdown
2026-04-19 23:18:27,313 | INFO | app.main | 🚀 Starting Petroleum Data API v1.0.0
2026-04-19 23:18:27,318 | INFO | app.database.session | Database tables initialized
2026-04-19 23:19:12,525 | WARNING | passlib.handlers.bcrypt | (trapped) error reading bcrypt version
Traceback (most recent call last):
  File "C:\Users\HP\AppData\Local\Python\pythoncore-3.14-64\Lib\site-packages\passlib\handlers\bcrypt.py", line 620, in _load_backend_mixin
    version = _bcrypt.__about__.__version__
              ^^^^^^^^^^^^^^^^^
AttributeError: module 'bcrypt' has no attribute '__about__'
2026-04-19 23:20:38,852 | INFO | app.main | 🛑 Application shutdown
2026-04-19 23:20:43,681 | INFO | app.main | 🚀 Starting Petroleum Data API v1.0.0
2026-04-19 23:20:43,688 | INFO | app.database.session | Database tables initialized
2026-04-19 23:20:49,200 | WARNING | passlib.handlers.bcrypt | (trapped) error reading bcrypt version
Traceback (most recent call last):
  File "C:\Users\HP\AppData\Local\Python\pythoncore-3.14-64\Lib\site-packages\passlib\handlers\bcrypt.py", line 620, in _load_backend_mixin
    version = _bcrypt.__about__.__version__
              ^^^^^^^^^^^^^^^^^
AttributeError: module 'bcrypt' has no attribute '__about__'
2026-04-19 23:21:11,428 | INFO | app.main | 🛑 Application shutdown
2026-04-19 23:21:17,783 | INFO | app.main | 🚀 Starting Petroleum Data API v1.0.0
2026-04-19 23:21:17,790 | INFO | app.database.session | Database tables initialized
2026-04-19 23:21:18,911 | INFO | app.main | 🛑 Application shutdown
2026-04-19 23:21:23,429 | INFO | app.main | 🚀 Starting Petroleum Data API v1.0.0
2026-04-19 23:21:23,439 | INFO | app.database.session | Database tables initialized
2026-04-19 23:21:34,534 | WARNING | passlib.handlers.bcrypt | (trapped) error reading bcrypt version
Traceback (most recent call last):
  File "C:\Users\HP\AppData\Local\Python\pythoncore-3.14-64\Lib\site-packages\passlib\handlers\bcrypt.py", line 620, in _load_backend_mixin
    version = _bcrypt.__about__.__version__
              ^^^^^^^^^^^^^^^^^
AttributeError: module 'bcrypt' has no attribute '__about__'
2026-04-19 23:25:57,338 | INFO | app.main | 🛑 Application shutdown
2026-04-19 23:26:03,555 | INFO | app.main | 🚀 Starting Petroleum Data API v1.0.0
2026-04-19 23:26:03,561 | INFO | app.database.session | Database tables initialized
2026-04-19 23:26:04,196 | INFO | app.main | 🛑 Application shutdown
2026-04-19 23:26:09,285 | INFO | app.main | 🚀 Starting Petroleum Data API v1.0.0
2026-04-19 23:26:09,296 | INFO | app.database.session | Database tables initialized
2026-04-19 23:26:14,412 | INFO | app.main | 🛑 Application shutdown
2026-04-19 23:26:20,516 | INFO | app.main | 🚀 Starting Petroleum Data API v1.0.0
2026-04-19 23:26:20,525 | INFO | app.database.session | Database tables initialized
2026-04-19 23:26:21,703 | INFO | app.main | 🛑 Application shutdown
2026-04-19 23:26:26,813 | INFO | app.main | 🚀 Starting Petroleum Data API v1.0.0
2026-04-19 23:26:26,817 | INFO | app.database.session | Database tables initialized
2026-04-19 23:28:28,427 | WARNING | passlib.handlers.bcrypt | (trapped) error reading bcrypt version
Traceback (most recent call last):
  File "C:\Users\HP\AppData\Local\Python\pythoncore-3.14-64\Lib\site-packages\passlib\handlers\bcrypt.py", line 620, in _load_backend_mixin
    version = _bcrypt.__about__.__version__
              ^^^^^^^^^^^^^^^^^
AttributeError: module 'bcrypt' has no attribute '__about__'
2026-04-19 23:28:28,449 | ERROR | app.main | Unhandled exception: password cannot be longer than 72 bytes, truncate manually if necessary (e.g. my_password[:72])
Traceback (most recent call last):
  File "C:\Users\HP\AppData\Local\Python\pythoncore-3.14-64\Lib\site-packages\starlette\middleware\errors.py", line 164, in __call__
    await self.app(scope, receive, _send)
  File "C:\Users\HP\AppData\Local\Python\pythoncore-3.14-64\Lib\site-packages\starlette\middleware\cors.py", line 87, in __call__
    await self.app(scope, receive, send)
  File "C:\Users\HP\AppData\Local\Python\pythoncore-3.14-64\Lib\site-packages\starlette\middleware\exceptions.py", line 63, in __call__
    await wrap_app_handling_exceptions(self.app, conn)(scope, receive, send)
  File "C:\Users\HP\AppData\Local\Python\pythoncore-3.14-64\Lib\site-packages\starlette\_exception_handler.py", line 53, in wrapped_app
    raise exc
  File "C:\Users\HP\AppData\Local\Python\pythoncore-3.14-64\Lib\site-packages\starlette\_exception_handler.py", line 42, in wrapped_app
    await app(scope, receive, sender)
  File "C:\Users\HP\AppData\Local\Python\pythoncore-3.14-64\Lib\site-packages\fastapi\middleware\asyncexitstack.py", line 18, in __call__
    await self.app(scope, receive, send)
  File "C:\Users\HP\AppData\Local\Python\pythoncore-3.14-64\Lib\site-packages\starlette\routing.py", line 716, in __call__
    await self.middleware_stack(scope, receive, send)
  File "C:\Users\HP\AppData\Local\Python\pythoncore-3.14-64\Lib\site-packages\starlette\routing.py", line 736, in app
    await route.handle(scope, receive, send)
  File "C:\Users\HP\AppData\Local\Python\pythoncore-3.14-64\Lib\site-packages\starlette\routing.py", line 290, in handle
    await self.app(scope, receive, send)
  File "C:\Users\HP\AppData\Local\Python\pythoncore-3.14-64\Lib\site-packages\fastapi\routing.py", line 130, in app
    await wrap_app_handling_exceptions(app, request)(scope, receive, send)
  File "C:\Users\HP\AppData\Local\Python\pythoncore-3.14-64\Lib\site-packages\starlette\_exception_handler.py", line 53, in wrapped_app
    raise exc
  File "C:\Users\HP\AppData\Local\Python\pythoncore-3.14-64\Lib\site-packages\starlette\_exception_handler.py", line 42, in wrapped_app
    await app(scope, receive, sender)
  File "C:\Users\HP\AppData\Local\Python\pythoncore-3.14-64\Lib\site-packages\fastapi\routing.py", line 116, in app
    response = await f(request)
               ^^^^^^^^^^^^^^^^
  File "C:\Users\HP\AppData\Local\Python\pythoncore-3.14-64\Lib\site-packages\fastapi\routing.py", line 670, in app
    raw_response = await run_endpoint_function(
                   ^^^^^^^^^^^^^^^^^^^^^^^^^^^^
    ...<3 lines>...
    )
    ^
  File "C:\Users\HP\AppData\Local\Python\pythoncore-3.14-64\Lib\site-packages\fastapi\routing.py", line 326, in run_endpoint_function
    return await run_in_threadpool(dependant.call, **values)
           ^^^^^^^^^^^^^^^^^^^^^^^^^^^^^^^^^^^^^^^^^^^^^^^^^
  File "C:\Users\HP\AppData\Local\Python\pythoncore-3.14-64\Lib\site-packages\starlette\concurrency.py", line 32, in run_in_threadpool
    return await anyio.to_thread.run_sync(func)
           ^^^^^^^^^^^^^^^^^^^^^^^^^^^^^^^^^^^^
  File "C:\Users\HP\AppData\Local\Python\pythoncore-3.14-64\Lib\site-packages\anyio\to_thread.py", line 63, in run_sync
    return await get_async_backend().run_sync_in_worker_thread(
           ^^^^^^^^^^^^^^^^^^^^^^^^^^^^^^^^^^^^^^^^^^^^^^^^^^^^
        func, args, abandon_on_cancel=abandon_on_cancel, limiter=limiter
        ^^^^^^^^^^^^^^^^^^^^^^^^^^^^^^^^^^^^^^^^^^^^^^^^^^^^^^^^^^^^^^^^
    )
    ^
  File "C:\Users\HP\AppData\Local\Python\pythoncore-3.14-64\Lib\site-packages\anyio\_backends\_asyncio.py", line 2502, in run_sync_in_worker_thread
    return await future
           ^^^^^^^^^^^^
  File "C:\Users\HP\AppData\Local\Python\pythoncore-3.14-64\Lib\site-packages\anyio\_backends\_asyncio.py", line 986, in run
    result = context.run(func, *args)
  File "C:\Users\HP\Desktop\project_pfe\backend_pfe\app\routes\auth.py", line 53, in login
    if not user or not verify_password(credentials.password, user.hashed_password):
                       ~~~~~~~~~~~~~~~^^^^^^^^^^^^^^^^^^^^^^^^^^^^^^^^^^^^^^^^^^^^
  File "C:\Users\HP\Desktop\project_pfe\backend_pfe\app\auth\jwt.py", line 32, in verify_password
    return pwd_context.verify(plain_password, hashed_password)
           ~~~~~~~~~~~~~~~~~~^^^^^^^^^^^^^^^^^^^^^^^^^^^^^^^^^
  File "C:\Users\HP\AppData\Local\Python\pythoncore-3.14-64\Lib\site-packages\passlib\context.py", line 2347, in verify
    return record.verify(secret, hash, **kwds)
           ~~~~~~~~~~~~~^^^^^^^^^^^^^^^^^^^^^^
  File "C:\Users\HP\AppData\Local\Python\pythoncore-3.14-64\Lib\site-packages\passlib\utils\handlers.py", line 792, in verify
    return consteq(self._calc_checksum(secret), chk)
                   ~~~~~~~~~~~~~~~~~~~^^^^^^^^
  File "C:\Users\HP\AppData\Local\Python\pythoncore-3.14-64\Lib\site-packages\passlib\handlers\bcrypt.py", line 591, in _calc_checksum
    self._stub_requires_backend()
    ~~~~~~~~~~~~~~~~~~~~~~~~~~~^^
  File "C:\Users\HP\AppData\Local\Python\pythoncore-3.14-64\Lib\site-packages\passlib\utils\handlers.py", line 2254, in _stub_requires_backend
    cls.set_backend()
    ~~~~~~~~~~~~~~~^^
  File "C:\Users\HP\AppData\Local\Python\pythoncore-3.14-64\Lib\site-packages\passlib\utils\handlers.py", line 2156, in set_backend
    return owner.set_backend(name, dryrun=dryrun)
           ~~~~~~~~~~~~~~~~~^^^^^^^^^^^^^^^^^^^^^
  File "C:\Users\HP\AppData\Local\Python\pythoncore-3.14-64\Lib\site-packages\passlib\utils\handlers.py", line 2163, in set_backend
    return cls.set_backend(name, dryrun=dryrun)
           ~~~~~~~~~~~~~~~^^^^^^^^^^^^^^^^^^^^^
  File "C:\Users\HP\AppData\Local\Python\pythoncore-3.14-64\Lib\site-packages\passlib\utils\handlers.py", line 2188, in set_backend
    cls._set_backend(name, dryrun)
    ~~~~~~~~~~~~~~~~^^^^^^^^^^^^^^
  File "C:\Users\HP\AppData\Local\Python\pythoncore-3.14-64\Lib\site-packages\passlib\utils\handlers.py", line 2311, in _set_backend
    super(SubclassBackendMixin, cls)._set_backend(name, dryrun)
    ~~~~~~~~~~~~~~~~~~~~~~~~~~~~~~~~~~~~~~~~~~~~~^^^^^^^^^^^^^^
  File "C:\Users\HP\AppData\Local\Python\pythoncore-3.14-64\Lib\site-packages\passlib\utils\handlers.py", line 2224, in _set_backend
    ok = loader(**kwds)
  File "C:\Users\HP\AppData\Local\Python\pythoncore-3.14-64\Lib\site-packages\passlib\handlers\bcrypt.py", line 626, in _load_backend_mixin
    return mixin_cls._finalize_backend_mixin(name, dryrun)
           ~~~~~~~~~~~~~~~~~~~~~~~~~~~~~~~~~^^^^^^^^^^^^^^
  File "C:\Users\HP\AppData\Local\Python\pythoncore-3.14-64\Lib\site-packages\passlib\handlers\bcrypt.py", line 421, in _finalize_backend_mixin
    if detect_wrap_bug(IDENT_2A):
       ~~~~~~~~~~~~~~~^^^^^^^^^^
  File "C:\Users\HP\AppData\Local\Python\pythoncore-3.14-64\Lib\site-packages\passlib\handlers\bcrypt.py", line 380, in detect_wrap_bug
    if verify(secret, bug_hash):
       ~~~~~~^^^^^^^^^^^^^^^^^^
  File "C:\Users\HP\AppData\Local\Python\pythoncore-3.14-64\Lib\site-packages\passlib\utils\handlers.py", line 792, in verify
    return consteq(self._calc_checksum(secret), chk)
                   ~~~~~~~~~~~~~~~~~~~^^^^^^^^
  File "C:\Users\HP\AppData\Local\Python\pythoncore-3.14-64\Lib\site-packages\passlib\handlers\bcrypt.py", line 655, in _calc_checksum
    hash = _bcrypt.hashpw(secret, config)
ValueError: password cannot be longer than 72 bytes, truncate manually if necessary (e.g. my_password[:72])
2026-04-19 23:29:31,085 | INFO | app.main | 🛑 Application shutdown
2026-04-19 23:29:35,897 | INFO | app.main | 🚀 Starting Petroleum Data API v1.0.0
2026-04-19 23:29:35,904 | INFO | app.database.session | Database tables initialized
2026-04-19 23:29:43,106 | INFO | app.main | 🛑 Application shutdown
2026-04-19 23:29:49,482 | INFO | app.main | 🚀 Starting Petroleum Data API v1.0.0
2026-04-19 23:29:49,491 | INFO | app.database.session | Database tables initialized
2026-04-19 23:30:07,455 | WARNING | passlib.handlers.bcrypt | (trapped) error reading bcrypt version
Traceback (most recent call last):
  File "C:\Users\HP\AppData\Local\Python\pythoncore-3.14-64\Lib\site-packages\passlib\handlers\bcrypt.py", line 620, in _load_backend_mixin
    version = _bcrypt.__about__.__version__
              ^^^^^^^^^^^^^^^^^
AttributeError: module 'bcrypt' has no attribute '__about__'
2026-04-19 23:30:07,475 | ERROR | app.main | Unhandled exception: password cannot be longer than 72 bytes, truncate manually if necessary (e.g. my_password[:72])
Traceback (most recent call last):
  File "C:\Users\HP\AppData\Local\Python\pythoncore-3.14-64\Lib\site-packages\starlette\middleware\errors.py", line 164, in __call__
    await self.app(scope, receive, _send)
  File "C:\Users\HP\AppData\Local\Python\pythoncore-3.14-64\Lib\site-packages\starlette\middleware\cors.py", line 87, in __call__
    await self.app(scope, receive, send)
  File "C:\Users\HP\AppData\Local\Python\pythoncore-3.14-64\Lib\site-packages\starlette\middleware\exceptions.py", line 63, in __call__
    await wrap_app_handling_exceptions(self.app, conn)(scope, receive, send)
  File "C:\Users\HP\AppData\Local\Python\pythoncore-3.14-64\Lib\site-packages\starlette\_exception_handler.py", line 53, in wrapped_app
    raise exc
  File "C:\Users\HP\AppData\Local\Python\pythoncore-3.14-64\Lib\site-packages\starlette\_exception_handler.py", line 42, in wrapped_app
    await app(scope, receive, sender)
  File "C:\Users\HP\AppData\Local\Python\pythoncore-3.14-64\Lib\site-packages\fastapi\middleware\asyncexitstack.py", line 18, in __call__
    await self.app(scope, receive, send)
  File "C:\Users\HP\AppData\Local\Python\pythoncore-3.14-64\Lib\site-packages\starlette\routing.py", line 716, in __call__
    await self.middleware_stack(scope, receive, send)
  File "C:\Users\HP\AppData\Local\Python\pythoncore-3.14-64\Lib\site-packages\starlette\routing.py", line 736, in app
    await route.handle(scope, receive, send)
  File "C:\Users\HP\AppData\Local\Python\pythoncore-3.14-64\Lib\site-packages\starlette\routing.py", line 290, in handle
    await self.app(scope, receive, send)
  File "C:\Users\HP\AppData\Local\Python\pythoncore-3.14-64\Lib\site-packages\fastapi\routing.py", line 130, in app
    await wrap_app_handling_exceptions(app, request)(scope, receive, send)
  File "C:\Users\HP\AppData\Local\Python\pythoncore-3.14-64\Lib\site-packages\starlette\_exception_handler.py", line 53, in wrapped_app
    raise exc
  File "C:\Users\HP\AppData\Local\Python\pythoncore-3.14-64\Lib\site-packages\starlette\_exception_handler.py", line 42, in wrapped_app
    await app(scope, receive, sender)
  File "C:\Users\HP\AppData\Local\Python\pythoncore-3.14-64\Lib\site-packages\fastapi\routing.py", line 116, in app
    response = await f(request)
               ^^^^^^^^^^^^^^^^
  File "C:\Users\HP\AppData\Local\Python\pythoncore-3.14-64\Lib\site-packages\fastapi\routing.py", line 670, in app
    raw_response = await run_endpoint_function(
                   ^^^^^^^^^^^^^^^^^^^^^^^^^^^^
    ...<3 lines>...
    )
    ^
  File "C:\Users\HP\AppData\Local\Python\pythoncore-3.14-64\Lib\site-packages\fastapi\routing.py", line 326, in run_endpoint_function
    return await run_in_threadpool(dependant.call, **values)
           ^^^^^^^^^^^^^^^^^^^^^^^^^^^^^^^^^^^^^^^^^^^^^^^^^
  File "C:\Users\HP\AppData\Local\Python\pythoncore-3.14-64\Lib\site-packages\starlette\concurrency.py", line 32, in run_in_threadpool
    return await anyio.to_thread.run_sync(func)
           ^^^^^^^^^^^^^^^^^^^^^^^^^^^^^^^^^^^^
  File "C:\Users\HP\AppData\Local\Python\pythoncore-3.14-64\Lib\site-packages\anyio\to_thread.py", line 63, in run_sync
    return await get_async_backend().run_sync_in_worker_thread(
           ^^^^^^^^^^^^^^^^^^^^^^^^^^^^^^^^^^^^^^^^^^^^^^^^^^^^
        func, args, abandon_on_cancel=abandon_on_cancel, limiter=limiter
        ^^^^^^^^^^^^^^^^^^^^^^^^^^^^^^^^^^^^^^^^^^^^^^^^^^^^^^^^^^^^^^^^
    )
    ^
  File "C:\Users\HP\AppData\Local\Python\pythoncore-3.14-64\Lib\site-packages\anyio\_backends\_asyncio.py", line 2502, in run_sync_in_worker_thread
    return await future
           ^^^^^^^^^^^^
  File "C:\Users\HP\AppData\Local\Python\pythoncore-3.14-64\Lib\site-packages\anyio\_backends\_asyncio.py", line 986, in run
    result = context.run(func, *args)
  File "C:\Users\HP\Desktop\project_pfe\backend_pfe\app\routes\auth.py", line 53, in login
    if not user or not verify_password(credentials.password, user.hashed_password):
                       ~~~~~~~~~~~~~~~^^^^^^^^^^^^^^^^^^^^^^^^^^^^^^^^^^^^^^^^^^^^
  File "C:\Users\HP\Desktop\project_pfe\backend_pfe\app\auth\jwt.py", line 33, in verify_password
    return pwd_context.verify(plain_password, hashed_password)
           ~~~~~~~~~~~~~~~~~~^^^^^^^^^^^^^^^^^^^^^^^^^^^^^^^^^
  File "C:\Users\HP\AppData\Local\Python\pythoncore-3.14-64\Lib\site-packages\passlib\context.py", line 2347, in verify
    return record.verify(secret, hash, **kwds)
           ~~~~~~~~~~~~~^^^^^^^^^^^^^^^^^^^^^^
  File "C:\Users\HP\AppData\Local\Python\pythoncore-3.14-64\Lib\site-packages\passlib\utils\handlers.py", line 792, in verify
    return consteq(self._calc_checksum(secret), chk)
                   ~~~~~~~~~~~~~~~~~~~^^^^^^^^
  File "C:\Users\HP\AppData\Local\Python\pythoncore-3.14-64\Lib\site-packages\passlib\handlers\bcrypt.py", line 591, in _calc_checksum
    self._stub_requires_backend()
    ~~~~~~~~~~~~~~~~~~~~~~~~~~~^^
  File "C:\Users\HP\AppData\Local\Python\pythoncore-3.14-64\Lib\site-packages\passlib\utils\handlers.py", line 2254, in _stub_requires_backend
    cls.set_backend()
    ~~~~~~~~~~~~~~~^^
  File "C:\Users\HP\AppData\Local\Python\pythoncore-3.14-64\Lib\site-packages\passlib\utils\handlers.py", line 2156, in set_backend
    return owner.set_backend(name, dryrun=dryrun)
           ~~~~~~~~~~~~~~~~~^^^^^^^^^^^^^^^^^^^^^
  File "C:\Users\HP\AppData\Local\Python\pythoncore-3.14-64\Lib\site-packages\passlib\utils\handlers.py", line 2163, in set_backend
    return cls.set_backend(name, dryrun=dryrun)
           ~~~~~~~~~~~~~~~^^^^^^^^^^^^^^^^^^^^^
  File "C:\Users\HP\AppData\Local\Python\pythoncore-3.14-64\Lib\site-packages\passlib\utils\handlers.py", line 2188, in set_backend
    cls._set_backend(name, dryrun)
    ~~~~~~~~~~~~~~~~^^^^^^^^^^^^^^
  File "C:\Users\HP\AppData\Local\Python\pythoncore-3.14-64\Lib\site-packages\passlib\utils\handlers.py", line 2311, in _set_backend
    super(SubclassBackendMixin, cls)._set_backend(name, dryrun)
    ~~~~~~~~~~~~~~~~~~~~~~~~~~~~~~~~~~~~~~~~~~~~~^^^^^^^^^^^^^^
  File "C:\Users\HP\AppData\Local\Python\pythoncore-3.14-64\Lib\site-packages\passlib\utils\handlers.py", line 2224, in _set_backend
    ok = loader(**kwds)
  File "C:\Users\HP\AppData\Local\Python\pythoncore-3.14-64\Lib\site-packages\passlib\handlers\bcrypt.py", line 626, in _load_backend_mixin
    return mixin_cls._finalize_backend_mixin(name, dryrun)
           ~~~~~~~~~~~~~~~~~~~~~~~~~~~~~~~~~^^^^^^^^^^^^^^
  File "C:\Users\HP\AppData\Local\Python\pythoncore-3.14-64\Lib\site-packages\passlib\handlers\bcrypt.py", line 421, in _finalize_backend_mixin
    if detect_wrap_bug(IDENT_2A):
       ~~~~~~~~~~~~~~~^^^^^^^^^^
  File "C:\Users\HP\AppData\Local\Python\pythoncore-3.14-64\Lib\site-packages\passlib\handlers\bcrypt.py", line 380, in detect_wrap_bug
    if verify(secret, bug_hash):
       ~~~~~~^^^^^^^^^^^^^^^^^^
  File "C:\Users\HP\AppData\Local\Python\pythoncore-3.14-64\Lib\site-packages\passlib\utils\handlers.py", line 792, in verify
    return consteq(self._calc_checksum(secret), chk)
                   ~~~~~~~~~~~~~~~~~~~^^^^^^^^
  File "C:\Users\HP\AppData\Local\Python\pythoncore-3.14-64\Lib\site-packages\passlib\handlers\bcrypt.py", line 655, in _calc_checksum
    hash = _bcrypt.hashpw(secret, config)
ValueError: password cannot be longer than 72 bytes, truncate manually if necessary (e.g. my_password[:72])
2026-04-19 23:32:52,155 | INFO | app.main | 🛑 Application shutdown
2026-04-19 23:32:58,578 | INFO | app.main | 🚀 Starting Petroleum Data API v1.0.0
2026-04-19 23:32:58,595 | INFO | app.database.session | Database tables initialized
2026-04-19 23:32:59,817 | INFO | app.main | 🛑 Application shutdown
2026-04-19 23:33:13,436 | INFO | app.main | 🚀 Starting Petroleum Data API v1.0.0
2026-04-19 23:33:13,446 | INFO | app.database.session | Database tables initialized
2026-04-19 23:33:14,974 | INFO | app.main | 🛑 Application shutdown
2026-04-19 23:33:21,199 | INFO | app.main | 🚀 Starting Petroleum Data API v1.0.0
2026-04-19 23:33:21,209 | INFO | app.database.session | Database tables initialized
2026-04-19 23:33:22,530 | INFO | app.main | 🛑 Application shutdown
2026-04-19 23:33:27,218 | INFO | app.main | 🚀 Starting Petroleum Data API v1.0.0
2026-04-19 23:33:27,223 | INFO | app.database.session | Database tables initialized
2026-04-19 23:47:37,196 | INFO | app.main | 🛑 Application shutdown
2026-04-19 23:47:45,442 | INFO | app.main | 🚀 Starting Petroleum Data API v1.0.0
2026-04-19 23:47:45,456 | INFO | app.database.session | Database tables initialized
2026-04-19 23:55:59,907 | INFO | app.main | 🛑 Application shutdown
2026-04-19 23:56:23,439 | INFO | app.main | 🚀 Starting Petroleum Data API v1.0.0
2026-04-19 23:56:55,886 | INFO | app.main | 🚀 Starting Petroleum Data API v1.0.0
2026-04-20 00:02:58,638 | INFO | app.main | 🚀 Starting Petroleum Data API v1.0.0
2026-04-20 00:03:01,011 | INFO | app.main | 🚀 Starting Petroleum Data API v1.0.0
2026-04-20 00:03:26,551 | INFO | app.main | 🚀 Starting Petroleum Data API v1.0.0
2026-04-20 00:03:28,934 | INFO | app.main | 🚀 Starting Petroleum Data API v1.0.0
2026-04-20 00:03:34,481 | INFO | app.main | 🚀 Starting Petroleum Data API v1.0.0
2026-04-20 00:03:37,062 | INFO | app.main | 🚀 Starting Petroleum Data API v1.0.0
2026-04-20 00:03:50,316 | INFO | app.main | 🚀 Starting Petroleum Data API v1.0.0
2026-04-20 00:03:52,713 | INFO | app.main | 🚀 Starting Petroleum Data API v1.0.0
2026-04-20 00:03:52,830 | INFO | app.database.session | Database tables initialized
2026-04-20 00:05:46,936 | INFO | app.main | 🛑 Application shutdown
2026-04-20 00:05:49,100 | INFO | app.main | 🚀 Starting Petroleum Data API v1.0.0
2026-04-20 00:05:49,166 | INFO | app.database.session | Database tables initialized
2026-04-20 00:05:51,261 | INFO | app.main | 🚀 Starting Petroleum Data API v1.0.0
2026-04-20 00:05:51,323 | INFO | app.database.session | Database tables initialized
2026-04-20 00:06:21,447 | INFO | app.main | 🛑 Application shutdown
2026-04-20 00:06:23,771 | INFO | app.main | 🚀 Starting Petroleum Data API v1.0.0
2026-04-20 00:06:23,844 | INFO | app.database.session | Database tables initialized
2026-04-20 00:09:19,718 | INFO | app.main | 🛑 Application shutdown
2026-04-20 00:09:21,941 | INFO | app.main | 🚀 Starting Petroleum Data API v1.0.0
2026-04-20 00:09:22,006 | INFO | app.database.session | Database tables initialized
2026-04-20 00:09:24,082 | INFO | app.main | 🚀 Starting Petroleum Data API v1.0.0
2026-04-20 00:09:24,143 | INFO | app.database.session | Database tables initialized
2026-04-20 00:11:01,458 | INFO | app.main | 🛑 Application shutdown
2026-04-20 00:11:03,848 | INFO | app.main | 🚀 Starting Petroleum Data API v1.0.0
2026-04-20 00:11:03,924 | INFO | app.database.session | Database tables initialized
2026-04-20 00:11:06,148 | INFO | app.main | 🚀 Starting Petroleum Data API v1.0.0
2026-04-20 00:11:06,211 | INFO | app.database.session | Database tables initialized
2026-04-20 00:20:12,035 | ERROR | app.main | Unhandled exception: (psycopg2.errors.UndefinedColumn) column users.hashed_password does not exist
LINE 1: ...ers_username, users.full_name AS users_full_name, users.hash...
                                                             ^

[SQL: SELECT users.id AS users_user_id, users.email AS users_email, users.username AS users_username, users.full_name AS users_full_name, users.hashed_password AS users_hashed_password, users.role AS users_role, users.is_active AS users_is_active, users.is_verified AS users_is_verified, users.created_at AS users_created_at, users.updated_at AS users_updated_at, users.last_login AS users_last_login 
FROM users 
WHERE users.email = %(email_1)s 
 LIMIT %(param_1)s]
[parameters: {'email_1': 'user12@example.com', 'param_1': 1}]
(Background on this error at: https://sqlalche.me/e/20/f405)
Traceback (most recent call last):
  File "C:\Users\HP\Desktop\project_pfe\backend_pfe\.venv\Lib\site-packages\sqlalchemy\engine\base.py", line 1967, in _exec_single_context
    self.dialect.do_execute(
  File "C:\Users\HP\Desktop\project_pfe\backend_pfe\.venv\Lib\site-packages\sqlalchemy\engine\default.py", line 924, in do_execute
    cursor.execute(statement, parameters)
psycopg2.errors.UndefinedColumn: column users.hashed_password does not exist
LINE 1: ...ers_username, users.full_name AS users_full_name, users.hash...
                                                             ^


The above exception was the direct cause of the following exception:

Traceback (most recent call last):
  File "C:\Users\HP\Desktop\project_pfe\backend_pfe\.venv\Lib\site-packages\starlette\middleware\errors.py", line 164, in __call__
    await self.app(scope, receive, _send)
  File "C:\Users\HP\Desktop\project_pfe\backend_pfe\.venv\Lib\site-packages\starlette\middleware\cors.py", line 93, in __call__
    await self.simple_response(scope, receive, send, request_headers=headers)
  File "C:\Users\HP\Desktop\project_pfe\backend_pfe\.venv\Lib\site-packages\starlette\middleware\cors.py", line 148, in simple_response
    await self.app(scope, receive, send)
  File "C:\Users\HP\Desktop\project_pfe\backend_pfe\.venv\Lib\site-packages\starlette\middleware\exceptions.py", line 65, in __call__
    await wrap_app_handling_exceptions(self.app, conn)(scope, receive, send)
  File "C:\Users\HP\Desktop\project_pfe\backend_pfe\.venv\Lib\site-packages\starlette\_exception_handler.py", line 64, in wrapped_app
    raise exc
  File "C:\Users\HP\Desktop\project_pfe\backend_pfe\.venv\Lib\site-packages\starlette\_exception_handler.py", line 53, in wrapped_app
    await app(scope, receive, sender)
  File "C:\Users\HP\Desktop\project_pfe\backend_pfe\.venv\Lib\site-packages\starlette\routing.py", line 756, in __call__
    await self.middleware_stack(scope, receive, send)
  File "C:\Users\HP\Desktop\project_pfe\backend_pfe\.venv\Lib\site-packages\starlette\routing.py", line 776, in app
    await route.handle(scope, receive, send)
  File "C:\Users\HP\Desktop\project_pfe\backend_pfe\.venv\Lib\site-packages\starlette\routing.py", line 297, in handle
    await self.app(scope, receive, send)
  File "C:\Users\HP\Desktop\project_pfe\backend_pfe\.venv\Lib\site-packages\starlette\routing.py", line 77, in app
    await wrap_app_handling_exceptions(app, request)(scope, receive, send)
  File "C:\Users\HP\Desktop\project_pfe\backend_pfe\.venv\Lib\site-packages\starlette\_exception_handler.py", line 64, in wrapped_app
    raise exc
  File "C:\Users\HP\Desktop\project_pfe\backend_pfe\.venv\Lib\site-packages\starlette\_exception_handler.py", line 53, in wrapped_app
    await app(scope, receive, sender)
  File "C:\Users\HP\Desktop\project_pfe\backend_pfe\.venv\Lib\site-packages\starlette\routing.py", line 72, in app
    response = await func(request)
               ^^^^^^^^^^^^^^^^^^^
  File "C:\Users\HP\Desktop\project_pfe\backend_pfe\.venv\Lib\site-packages\fastapi\routing.py", line 278, in app
    raw_response = await run_endpoint_function(
                   ^^^^^^^^^^^^^^^^^^^^^^^^^^^^
  File "C:\Users\HP\Desktop\project_pfe\backend_pfe\.venv\Lib\site-packages\fastapi\routing.py", line 193, in run_endpoint_function
    return await run_in_threadpool(dependant.call, **values)
           ^^^^^^^^^^^^^^^^^^^^^^^^^^^^^^^^^^^^^^^^^^^^^^^^^
  File "C:\Users\HP\Desktop\project_pfe\backend_pfe\.venv\Lib\site-packages\starlette\concurrency.py", line 42, in run_in_threadpool
    return await anyio.to_thread.run_sync(func, *args)
           ^^^^^^^^^^^^^^^^^^^^^^^^^^^^^^^^^^^^^^^^^^^
  File "C:\Users\HP\Desktop\project_pfe\backend_pfe\.venv\Lib\site-packages\anyio\to_thread.py", line 63, in run_sync
    return await get_async_backend().run_sync_in_worker_thread(
           ^^^^^^^^^^^^^^^^^^^^^^^^^^^^^^^^^^^^^^^^^^^^^^^^^^^^
  File "C:\Users\HP\Desktop\project_pfe\backend_pfe\.venv\Lib\site-packages\anyio\_backends\_asyncio.py", line 2518, in run_sync_in_worker_thread
    return await future
           ^^^^^^^^^^^^
  File "C:\Users\HP\Desktop\project_pfe\backend_pfe\.venv\Lib\site-packages\anyio\_backends\_asyncio.py", line 1002, in run
    result = context.run(func, *args)
             ^^^^^^^^^^^^^^^^^^^^^^^^
  File "C:\Users\HP\Desktop\project_pfe\backend_pfe\app\routes\auth.py", line 52, in login
    user = db.query(User).filter(User.email == credentials.email).first()
           ^^^^^^^^^^^^^^^^^^^^^^^^^^^^^^^^^^^^^^^^^^^^^^^^^^^^^^^^^^^^^^
  File "C:\Users\HP\Desktop\project_pfe\backend_pfe\.venv\Lib\site-packages\sqlalchemy\orm\query.py", line 2728, in first
    return self.limit(1)._iter().first()  # type: ignore
           ^^^^^^^^^^^^^^^^^^^^^
  File "C:\Users\HP\Desktop\project_pfe\backend_pfe\.venv\Lib\site-packages\sqlalchemy\orm\query.py", line 2827, in _iter
    result: Union[ScalarResult[_T], Result[_T]] = self.session.execute(
                                                  ^^^^^^^^^^^^^^^^^^^^^
  File "C:\Users\HP\Desktop\project_pfe\backend_pfe\.venv\Lib\site-packages\sqlalchemy\orm\session.py", line 2351, in execute
    return self._execute_internal(
           ^^^^^^^^^^^^^^^^^^^^^^^
  File "C:\Users\HP\Desktop\project_pfe\backend_pfe\.venv\Lib\site-packages\sqlalchemy\orm\session.py", line 2236, in _execute_internal
    result: Result[Any] = compile_state_cls.orm_execute_statement(
                          ^^^^^^^^^^^^^^^^^^^^^^^^^^^^^^^^^^^^^^^^
  File "C:\Users\HP\Desktop\project_pfe\backend_pfe\.venv\Lib\site-packages\sqlalchemy\orm\context.py", line 293, in orm_execute_statement
    result = conn.execute(
             ^^^^^^^^^^^^^
  File "C:\Users\HP\Desktop\project_pfe\backend_pfe\.venv\Lib\site-packages\sqlalchemy\engine\base.py", line 1418, in execute
    return meth(
           ^^^^^
  File "C:\Users\HP\Desktop\project_pfe\backend_pfe\.venv\Lib\site-packages\sqlalchemy\sql\elements.py", line 515, in _execute_on_connection
    return connection._execute_clauseelement(
           ^^^^^^^^^^^^^^^^^^^^^^^^^^^^^^^^^^
  File "C:\Users\HP\Desktop\project_pfe\backend_pfe\.venv\Lib\site-packages\sqlalchemy\engine\base.py", line 1640, in _execute_clauseelement
    ret = self._execute_context(
          ^^^^^^^^^^^^^^^^^^^^^^
  File "C:\Users\HP\Desktop\project_pfe\backend_pfe\.venv\Lib\site-packages\sqlalchemy\engine\base.py", line 1846, in _execute_context
    return self._exec_single_context(
           ^^^^^^^^^^^^^^^^^^^^^^^^^^
  File "C:\Users\HP\Desktop\project_pfe\backend_pfe\.venv\Lib\site-packages\sqlalchemy\engine\base.py", line 1986, in _exec_single_context
    self._handle_dbapi_exception(
  File "C:\Users\HP\Desktop\project_pfe\backend_pfe\.venv\Lib\site-packages\sqlalchemy\engine\base.py", line 2353, in _handle_dbapi_exception
    raise sqlalchemy_exception.with_traceback(exc_info[2]) from e
  File "C:\Users\HP\Desktop\project_pfe\backend_pfe\.venv\Lib\site-packages\sqlalchemy\engine\base.py", line 1967, in _exec_single_context
    self.dialect.do_execute(
  File "C:\Users\HP\Desktop\project_pfe\backend_pfe\.venv\Lib\site-packages\sqlalchemy\engine\default.py", line 924, in do_execute
    cursor.execute(statement, parameters)
sqlalchemy.exc.ProgrammingError: (psycopg2.errors.UndefinedColumn) column users.hashed_password does not exist
LINE 1: ...ers_username, users.full_name AS users_full_name, users.hash...
                                                             ^

[SQL: SELECT users.user_id AS users_user_id, users.email AS users_email, users.username AS users_username, users.full_name AS users_full_name, users.hashed_password AS users_hashed_password, users.role AS users_role, users.is_active AS users_is_active, users.is_verified AS users_is_verified, users.created_at AS users_created_at, users.updated_at AS users_updated_at, users.last_login AS users_last_login 
FROM users 
WHERE users.email = %(email_1)s 
 LIMIT %(param_1)s]
[parameters: {'email_1': 'user12@example.com', 'param_1': 1}]
(Background on this error at: https://sqlalche.me/e/20/f405)
2026-04-20 00:20:16,751 | ERROR | app.main | Unhandled exception: (psycopg2.errors.UndefinedColumn) column users.hashed_password does not exist
LINE 1: ...ers_username, users.full_name AS users_full_name, users.hash...
                                                             ^

[SQL: SELECT users.user_id AS users_user_id, users.email AS users_email, users.username AS users_username, users.full_name AS users_full_name, users.hashed_password AS users_hashed_password, users.role AS users_role, users.is_active AS users_is_active, users.is_verified AS users_is_verified, users.created_at AS users_created_at, users.updated_at AS users_updated_at, users.last_login AS users_last_login 
FROM users 
WHERE users.email = %(email_1)s 
 LIMIT %(param_1)s]
[parameters: {'email_1': 'user12@example.com', 'param_1': 1}]
(Background on this error at: https://sqlalche.me/e/20/f405)
Traceback (most recent call last):
  File "C:\Users\HP\Desktop\project_pfe\backend_pfe\.venv\Lib\site-packages\sqlalchemy\engine\base.py", line 1967, in _exec_single_context
    self.dialect.do_execute(
  File "C:\Users\HP\Desktop\project_pfe\backend_pfe\.venv\Lib\site-packages\sqlalchemy\engine\default.py", line 924, in do_execute
    cursor.execute(statement, parameters)
psycopg2.errors.UndefinedColumn: column users.hashed_password does not exist
LINE 1: ...ers_username, users.full_name AS users_full_name, users.hash...
                                                             ^


The above exception was the direct cause of the following exception:

Traceback (most recent call last):
  File "C:\Users\HP\Desktop\project_pfe\backend_pfe\.venv\Lib\site-packages\starlette\middleware\errors.py", line 164, in __call__
    await self.app(scope, receive, _send)
  File "C:\Users\HP\Desktop\project_pfe\backend_pfe\.venv\Lib\site-packages\starlette\middleware\cors.py", line 93, in __call__
    await self.simple_response(scope, receive, send, request_headers=headers)
  File "C:\Users\HP\Desktop\project_pfe\backend_pfe\.venv\Lib\site-packages\starlette\middleware\cors.py", line 148, in simple_response
    await self.app(scope, receive, send)
  File "C:\Users\HP\Desktop\project_pfe\backend_pfe\.venv\Lib\site-packages\starlette\middleware\exceptions.py", line 65, in __call__
    await wrap_app_handling_exceptions(self.app, conn)(scope, receive, send)
  File "C:\Users\HP\Desktop\project_pfe\backend_pfe\.venv\Lib\site-packages\starlette\_exception_handler.py", line 64, in wrapped_app
    raise exc
  File "C:\Users\HP\Desktop\project_pfe\backend_pfe\.venv\Lib\site-packages\starlette\_exception_handler.py", line 53, in wrapped_app
    await app(scope, receive, sender)
  File "C:\Users\HP\Desktop\project_pfe\backend_pfe\.venv\Lib\site-packages\starlette\routing.py", line 756, in __call__
    await self.middleware_stack(scope, receive, send)
  File "C:\Users\HP\Desktop\project_pfe\backend_pfe\.venv\Lib\site-packages\starlette\routing.py", line 776, in app
    await route.handle(scope, receive, send)
  File "C:\Users\HP\Desktop\project_pfe\backend_pfe\.venv\Lib\site-packages\starlette\routing.py", line 297, in handle
    await self.app(scope, receive, send)
  File "C:\Users\HP\Desktop\project_pfe\backend_pfe\.venv\Lib\site-packages\starlette\routing.py", line 77, in app
    await wrap_app_handling_exceptions(app, request)(scope, receive, send)
  File "C:\Users\HP\Desktop\project_pfe\backend_pfe\.venv\Lib\site-packages\starlette\_exception_handler.py", line 64, in wrapped_app
    raise exc
  File "C:\Users\HP\Desktop\project_pfe\backend_pfe\.venv\Lib\site-packages\starlette\_exception_handler.py", line 53, in wrapped_app
    await app(scope, receive, sender)
  File "C:\Users\HP\Desktop\project_pfe\backend_pfe\.venv\Lib\site-packages\starlette\routing.py", line 72, in app
    response = await func(request)
               ^^^^^^^^^^^^^^^^^^^
  File "C:\Users\HP\Desktop\project_pfe\backend_pfe\.venv\Lib\site-packages\fastapi\routing.py", line 278, in app
    raw_response = await run_endpoint_function(
                   ^^^^^^^^^^^^^^^^^^^^^^^^^^^^
  File "C:\Users\HP\Desktop\project_pfe\backend_pfe\.venv\Lib\site-packages\fastapi\routing.py", line 193, in run_endpoint_function
    return await run_in_threadpool(dependant.call, **values)
           ^^^^^^^^^^^^^^^^^^^^^^^^^^^^^^^^^^^^^^^^^^^^^^^^^
  File "C:\Users\HP\Desktop\project_pfe\backend_pfe\.venv\Lib\site-packages\starlette\concurrency.py", line 42, in run_in_threadpool
    return await anyio.to_thread.run_sync(func, *args)
           ^^^^^^^^^^^^^^^^^^^^^^^^^^^^^^^^^^^^^^^^^^^
  File "C:\Users\HP\Desktop\project_pfe\backend_pfe\.venv\Lib\site-packages\anyio\to_thread.py", line 63, in run_sync
    return await get_async_backend().run_sync_in_worker_thread(
           ^^^^^^^^^^^^^^^^^^^^^^^^^^^^^^^^^^^^^^^^^^^^^^^^^^^^
  File "C:\Users\HP\Desktop\project_pfe\backend_pfe\.venv\Lib\site-packages\anyio\_backends\_asyncio.py", line 2518, in run_sync_in_worker_thread
    return await future
           ^^^^^^^^^^^^
  File "C:\Users\HP\Desktop\project_pfe\backend_pfe\.venv\Lib\site-packages\anyio\_backends\_asyncio.py", line 1002, in run
    result = context.run(func, *args)
             ^^^^^^^^^^^^^^^^^^^^^^^^
  File "C:\Users\HP\Desktop\project_pfe\backend_pfe\app\routes\auth.py", line 52, in login
    user = db.query(User).filter(User.email == credentials.email).first()
           ^^^^^^^^^^^^^^^^^^^^^^^^^^^^^^^^^^^^^^^^^^^^^^^^^^^^^^^^^^^^^^
  File "C:\Users\HP\Desktop\project_pfe\backend_pfe\.venv\Lib\site-packages\sqlalchemy\orm\query.py", line 2728, in first
    return self.limit(1)._iter().first()  # type: ignore
           ^^^^^^^^^^^^^^^^^^^^^
  File "C:\Users\HP\Desktop\project_pfe\backend_pfe\.venv\Lib\site-packages\sqlalchemy\orm\query.py", line 2827, in _iter
    result: Union[ScalarResult[_T], Result[_T]] = self.session.execute(
                                                  ^^^^^^^^^^^^^^^^^^^^^
  File "C:\Users\HP\Desktop\project_pfe\backend_pfe\.venv\Lib\site-packages\sqlalchemy\orm\session.py", line 2351, in execute
    return self._execute_internal(
           ^^^^^^^^^^^^^^^^^^^^^^^
  File "C:\Users\HP\Desktop\project_pfe\backend_pfe\.venv\Lib\site-packages\sqlalchemy\orm\session.py", line 2236, in _execute_internal
    result: Result[Any] = compile_state_cls.orm_execute_statement(
                          ^^^^^^^^^^^^^^^^^^^^^^^^^^^^^^^^^^^^^^^^
  File "C:\Users\HP\Desktop\project_pfe\backend_pfe\.venv\Lib\site-packages\sqlalchemy\orm\context.py", line 293, in orm_execute_statement
    result = conn.execute(
             ^^^^^^^^^^^^^
  File "C:\Users\HP\Desktop\project_pfe\backend_pfe\.venv\Lib\site-packages\sqlalchemy\engine\base.py", line 1418, in execute
    return meth(
           ^^^^^
  File "C:\Users\HP\Desktop\project_pfe\backend_pfe\.venv\Lib\site-packages\sqlalchemy\sql\elements.py", line 515, in _execute_on_connection
    return connection._execute_clauseelement(
           ^^^^^^^^^^^^^^^^^^^^^^^^^^^^^^^^^^
  File "C:\Users\HP\Desktop\project_pfe\backend_pfe\.venv\Lib\site-packages\sqlalchemy\engine\base.py", line 1640, in _execute_clauseelement
    ret = self._execute_context(
          ^^^^^^^^^^^^^^^^^^^^^^
  File "C:\Users\HP\Desktop\project_pfe\backend_pfe\.venv\Lib\site-packages\sqlalchemy\engine\base.py", line 1846, in _execute_context
    return self._exec_single_context(
           ^^^^^^^^^^^^^^^^^^^^^^^^^^
  File "C:\Users\HP\Desktop\project_pfe\backend_pfe\.venv\Lib\site-packages\sqlalchemy\engine\base.py", line 1986, in _exec_single_context
    self._handle_dbapi_exception(
  File "C:\Users\HP\Desktop\project_pfe\backend_pfe\.venv\Lib\site-packages\sqlalchemy\engine\base.py", line 2353, in _handle_dbapi_exception
    raise sqlalchemy_exception.with_traceback(exc_info[2]) from e
  File "C:\Users\HP\Desktop\project_pfe\backend_pfe\.venv\Lib\site-packages\sqlalchemy\engine\base.py", line 1967, in _exec_single_context
    self.dialect.do_execute(
  File "C:\Users\HP\Desktop\project_pfe\backend_pfe\.venv\Lib\site-packages\sqlalchemy\engine\default.py", line 924, in do_execute
    cursor.execute(statement, parameters)
sqlalchemy.exc.ProgrammingError: (psycopg2.errors.UndefinedColumn) column users.hashed_password does not exist
LINE 1: ...ers_username, users.full_name AS users_full_name, users.hash...
                                                             ^

[SQL: SELECT users.user_id AS users_user_id, users.email AS users_email, users.username AS users_username, users.full_name AS users_full_name, users.hashed_password AS users_hashed_password, users.role AS users_role, users.is_active AS users_is_active, users.is_verified AS users_is_verified, users.created_at AS users_created_at, users.updated_at AS users_updated_at, users.last_login AS users_last_login 
FROM users 
WHERE users.email = %(email_1)s 
 LIMIT %(param_1)s]
[parameters: {'email_1': 'user12@example.com', 'param_1': 1}]
(Background on this error at: https://sqlalche.me/e/20/f405)
2026-04-22 23:17:16,795 | ERROR | app.main | Unhandled exception: (psycopg2.errors.UndefinedColumn) column users.hashed_password does not exist
LINE 1: ...ers_username, users.full_name AS users_full_name, users.hash...
                                                             ^

[SQL: SELECT users.user_id AS users_user_id, users.email AS users_email, users.username AS users_username, users.full_name AS users_full_name, users.hashed_password AS users_hashed_password, users.role AS users_role, users.is_active AS users_is_active, users.is_verified AS users_is_verified, users.created_at AS users_created_at, users.updated_at AS users_updated_at, users.last_login AS users_last_login 
FROM users 
WHERE users.email = %(email_1)s 
 LIMIT %(param_1)s]
[parameters: {'email_1': 'user12@example.com', 'param_1': 1}]
(Background on this error at: https://sqlalche.me/e/20/f405)
Traceback (most recent call last):
  File "C:\Users\HP\Desktop\project_pfe\backend_pfe\.venv\Lib\site-packages\sqlalchemy\engine\base.py", line 1967, in _exec_single_context
    self.dialect.do_execute(
  File "C:\Users\HP\Desktop\project_pfe\backend_pfe\.venv\Lib\site-packages\sqlalchemy\engine\default.py", line 924, in do_execute
    cursor.execute(statement, parameters)
psycopg2.errors.UndefinedColumn: column users.hashed_password does not exist
LINE 1: ...ers_username, users.full_name AS users_full_name, users.hash...
                                                             ^


The above exception was the direct cause of the following exception:

Traceback (most recent call last):
  File "C:\Users\HP\Desktop\project_pfe\backend_pfe\.venv\Lib\site-packages\starlette\middleware\errors.py", line 164, in __call__
    await self.app(scope, receive, _send)
  File "C:\Users\HP\Desktop\project_pfe\backend_pfe\.venv\Lib\site-packages\starlette\middleware\cors.py", line 93, in __call__
    await self.simple_response(scope, receive, send, request_headers=headers)
  File "C:\Users\HP\Desktop\project_pfe\backend_pfe\.venv\Lib\site-packages\starlette\middleware\cors.py", line 148, in simple_response
    await self.app(scope, receive, send)
  File "C:\Users\HP\Desktop\project_pfe\backend_pfe\.venv\Lib\site-packages\starlette\middleware\exceptions.py", line 65, in __call__
    await wrap_app_handling_exceptions(self.app, conn)(scope, receive, send)
  File "C:\Users\HP\Desktop\project_pfe\backend_pfe\.venv\Lib\site-packages\starlette\_exception_handler.py", line 64, in wrapped_app
    raise exc
  File "C:\Users\HP\Desktop\project_pfe\backend_pfe\.venv\Lib\site-packages\starlette\_exception_handler.py", line 53, in wrapped_app
    await app(scope, receive, sender)
  File "C:\Users\HP\Desktop\project_pfe\backend_pfe\.venv\Lib\site-packages\starlette\routing.py", line 756, in __call__
    await self.middleware_stack(scope, receive, send)
  File "C:\Users\HP\Desktop\project_pfe\backend_pfe\.venv\Lib\site-packages\starlette\routing.py", line 776, in app
    await route.handle(scope, receive, send)
  File "C:\Users\HP\Desktop\project_pfe\backend_pfe\.venv\Lib\site-packages\starlette\routing.py", line 297, in handle
    await self.app(scope, receive, send)
  File "C:\Users\HP\Desktop\project_pfe\backend_pfe\.venv\Lib\site-packages\starlette\routing.py", line 77, in app
    await wrap_app_handling_exceptions(app, request)(scope, receive, send)
  File "C:\Users\HP\Desktop\project_pfe\backend_pfe\.venv\Lib\site-packages\starlette\_exception_handler.py", line 64, in wrapped_app
    raise exc
  File "C:\Users\HP\Desktop\project_pfe\backend_pfe\.venv\Lib\site-packages\starlette\_exception_handler.py", line 53, in wrapped_app
    await app(scope, receive, sender)
  File "C:\Users\HP\Desktop\project_pfe\backend_pfe\.venv\Lib\site-packages\starlette\routing.py", line 72, in app
    response = await func(request)
               ^^^^^^^^^^^^^^^^^^^
  File "C:\Users\HP\Desktop\project_pfe\backend_pfe\.venv\Lib\site-packages\fastapi\routing.py", line 278, in app
    raw_response = await run_endpoint_function(
                   ^^^^^^^^^^^^^^^^^^^^^^^^^^^^
  File "C:\Users\HP\Desktop\project_pfe\backend_pfe\.venv\Lib\site-packages\fastapi\routing.py", line 193, in run_endpoint_function
    return await run_in_threadpool(dependant.call, **values)
           ^^^^^^^^^^^^^^^^^^^^^^^^^^^^^^^^^^^^^^^^^^^^^^^^^
  File "C:\Users\HP\Desktop\project_pfe\backend_pfe\.venv\Lib\site-packages\starlette\concurrency.py", line 42, in run_in_threadpool
    return await anyio.to_thread.run_sync(func, *args)
           ^^^^^^^^^^^^^^^^^^^^^^^^^^^^^^^^^^^^^^^^^^^
  File "C:\Users\HP\Desktop\project_pfe\backend_pfe\.venv\Lib\site-packages\anyio\to_thread.py", line 63, in run_sync
    return await get_async_backend().run_sync_in_worker_thread(
           ^^^^^^^^^^^^^^^^^^^^^^^^^^^^^^^^^^^^^^^^^^^^^^^^^^^^
  File "C:\Users\HP\Desktop\project_pfe\backend_pfe\.venv\Lib\site-packages\anyio\_backends\_asyncio.py", line 2518, in run_sync_in_worker_thread
    return await future
           ^^^^^^^^^^^^
  File "C:\Users\HP\Desktop\project_pfe\backend_pfe\.venv\Lib\site-packages\anyio\_backends\_asyncio.py", line 1002, in run
    result = context.run(func, *args)
             ^^^^^^^^^^^^^^^^^^^^^^^^
  File "C:\Users\HP\Desktop\project_pfe\backend_pfe\app\routes\auth.py", line 52, in login
    user = db.query(User).filter(User.email == credentials.email).first()
           ^^^^^^^^^^^^^^^^^^^^^^^^^^^^^^^^^^^^^^^^^^^^^^^^^^^^^^^^^^^^^^
  File "C:\Users\HP\Desktop\project_pfe\backend_pfe\.venv\Lib\site-packages\sqlalchemy\orm\query.py", line 2728, in first
    return self.limit(1)._iter().first()  # type: ignore
           ^^^^^^^^^^^^^^^^^^^^^
  File "C:\Users\HP\Desktop\project_pfe\backend_pfe\.venv\Lib\site-packages\sqlalchemy\orm\query.py", line 2827, in _iter
    result: Union[ScalarResult[_T], Result[_T]] = self.session.execute(
                                                  ^^^^^^^^^^^^^^^^^^^^^
  File "C:\Users\HP\Desktop\project_pfe\backend_pfe\.venv\Lib\site-packages\sqlalchemy\orm\session.py", line 2351, in execute
    return self._execute_internal(
           ^^^^^^^^^^^^^^^^^^^^^^^
  File "C:\Users\HP\Desktop\project_pfe\backend_pfe\.venv\Lib\site-packages\sqlalchemy\orm\session.py", line 2236, in _execute_internal
    result: Result[Any] = compile_state_cls.orm_execute_statement(
                          ^^^^^^^^^^^^^^^^^^^^^^^^^^^^^^^^^^^^^^^^
  File "C:\Users\HP\Desktop\project_pfe\backend_pfe\.venv\Lib\site-packages\sqlalchemy\orm\context.py", line 293, in orm_execute_statement
    result = conn.execute(
             ^^^^^^^^^^^^^
  File "C:\Users\HP\Desktop\project_pfe\backend_pfe\.venv\Lib\site-packages\sqlalchemy\engine\base.py", line 1418, in execute
    return meth(
           ^^^^^
  File "C:\Users\HP\Desktop\project_pfe\backend_pfe\.venv\Lib\site-packages\sqlalchemy\sql\elements.py", line 515, in _execute_on_connection
    return connection._execute_clauseelement(
           ^^^^^^^^^^^^^^^^^^^^^^^^^^^^^^^^^^
  File "C:\Users\HP\Desktop\project_pfe\backend_pfe\.venv\Lib\site-packages\sqlalchemy\engine\base.py", line 1640, in _execute_clauseelement
    ret = self._execute_context(
          ^^^^^^^^^^^^^^^^^^^^^^
  File "C:\Users\HP\Desktop\project_pfe\backend_pfe\.venv\Lib\site-packages\sqlalchemy\engine\base.py", line 1846, in _execute_context
    return self._exec_single_context(
           ^^^^^^^^^^^^^^^^^^^^^^^^^^
  File "C:\Users\HP\Desktop\project_pfe\backend_pfe\.venv\Lib\site-packages\sqlalchemy\engine\base.py", line 1986, in _exec_single_context
    self._handle_dbapi_exception(
  File "C:\Users\HP\Desktop\project_pfe\backend_pfe\.venv\Lib\site-packages\sqlalchemy\engine\base.py", line 2353, in _handle_dbapi_exception
    raise sqlalchemy_exception.with_traceback(exc_info[2]) from e
  File "C:\Users\HP\Desktop\project_pfe\backend_pfe\.venv\Lib\site-packages\sqlalchemy\engine\base.py", line 1967, in _exec_single_context
    self.dialect.do_execute(
  File "C:\Users\HP\Desktop\project_pfe\backend_pfe\.venv\Lib\site-packages\sqlalchemy\engine\default.py", line 924, in do_execute
    cursor.execute(statement, parameters)
sqlalchemy.exc.ProgrammingError: (psycopg2.errors.UndefinedColumn) column users.hashed_password does not exist
LINE 1: ...ers_username, users.full_name AS users_full_name, users.hash...
                                                             ^

[SQL: SELECT users.user_id AS users_user_id, users.email AS users_email, users.username AS users_username, users.full_name AS users_full_name, users.hashed_password AS users_hashed_password, users.role AS users_role, users.is_active AS users_is_active, users.is_verified AS users_is_verified, users.created_at AS users_created_at, users.updated_at AS users_updated_at, users.last_login AS users_last_login 
FROM users 
WHERE users.email = %(email_1)s 
 LIMIT %(param_1)s]
[parameters: {'email_1': 'user12@example.com', 'param_1': 1}]
(Background on this error at: https://sqlalche.me/e/20/f405)
2026-04-22 23:17:17,874 | ERROR | app.main | Unhandled exception: (psycopg2.errors.UndefinedColumn) column users.hashed_password does not exist
LINE 1: ...ers_username, users.full_name AS users_full_name, users.hash...
                                                             ^

[SQL: SELECT users.user_id AS users_user_id, users.email AS users_email, users.username AS users_username, users.full_name AS users_full_name, users.hashed_password AS users_hashed_password, users.role AS users_role, users.is_active AS users_is_active, users.is_verified AS users_is_verified, users.created_at AS users_created_at, users.updated_at AS users_updated_at, users.last_login AS users_last_login 
FROM users 
WHERE users.email = %(email_1)s 
 LIMIT %(param_1)s]
[parameters: {'email_1': 'user12@example.com', 'param_1': 1}]
(Background on this error at: https://sqlalche.me/e/20/f405)
Traceback (most recent call last):
  File "C:\Users\HP\Desktop\project_pfe\backend_pfe\.venv\Lib\site-packages\sqlalchemy\engine\base.py", line 1967, in _exec_single_context
    self.dialect.do_execute(
  File "C:\Users\HP\Desktop\project_pfe\backend_pfe\.venv\Lib\site-packages\sqlalchemy\engine\default.py", line 924, in do_execute
    cursor.execute(statement, parameters)
psycopg2.errors.UndefinedColumn: column users.hashed_password does not exist
LINE 1: ...ers_username, users.full_name AS users_full_name, users.hash...
                                                             ^


The above exception was the direct cause of the following exception:

Traceback (most recent call last):
  File "C:\Users\HP\Desktop\project_pfe\backend_pfe\.venv\Lib\site-packages\starlette\middleware\errors.py", line 164, in __call__
    await self.app(scope, receive, _send)
  File "C:\Users\HP\Desktop\project_pfe\backend_pfe\.venv\Lib\site-packages\starlette\middleware\cors.py", line 93, in __call__
    await self.simple_response(scope, receive, send, request_headers=headers)
  File "C:\Users\HP\Desktop\project_pfe\backend_pfe\.venv\Lib\site-packages\starlette\middleware\cors.py", line 148, in simple_response
    await self.app(scope, receive, send)
  File "C:\Users\HP\Desktop\project_pfe\backend_pfe\.venv\Lib\site-packages\starlette\middleware\exceptions.py", line 65, in __call__
    await wrap_app_handling_exceptions(self.app, conn)(scope, receive, send)
  File "C:\Users\HP\Desktop\project_pfe\backend_pfe\.venv\Lib\site-packages\starlette\_exception_handler.py", line 64, in wrapped_app
    raise exc
  File "C:\Users\HP\Desktop\project_pfe\backend_pfe\.venv\Lib\site-packages\starlette\_exception_handler.py", line 53, in wrapped_app
    await app(scope, receive, sender)
  File "C:\Users\HP\Desktop\project_pfe\backend_pfe\.venv\Lib\site-packages\starlette\routing.py", line 756, in __call__
    await self.middleware_stack(scope, receive, send)
  File "C:\Users\HP\Desktop\project_pfe\backend_pfe\.venv\Lib\site-packages\starlette\routing.py", line 776, in app
    await route.handle(scope, receive, send)
  File "C:\Users\HP\Desktop\project_pfe\backend_pfe\.venv\Lib\site-packages\starlette\routing.py", line 297, in handle
    await self.app(scope, receive, send)
  File "C:\Users\HP\Desktop\project_pfe\backend_pfe\.venv\Lib\site-packages\starlette\routing.py", line 77, in app
    await wrap_app_handling_exceptions(app, request)(scope, receive, send)
  File "C:\Users\HP\Desktop\project_pfe\backend_pfe\.venv\Lib\site-packages\starlette\_exception_handler.py", line 64, in wrapped_app
    raise exc
  File "C:\Users\HP\Desktop\project_pfe\backend_pfe\.venv\Lib\site-packages\starlette\_exception_handler.py", line 53, in wrapped_app
    await app(scope, receive, sender)
  File "C:\Users\HP\Desktop\project_pfe\backend_pfe\.venv\Lib\site-packages\starlette\routing.py", line 72, in app
    response = await func(request)
               ^^^^^^^^^^^^^^^^^^^
  File "C:\Users\HP\Desktop\project_pfe\backend_pfe\.venv\Lib\site-packages\fastapi\routing.py", line 278, in app
    raw_response = await run_endpoint_function(
                   ^^^^^^^^^^^^^^^^^^^^^^^^^^^^
  File "C:\Users\HP\Desktop\project_pfe\backend_pfe\.venv\Lib\site-packages\fastapi\routing.py", line 193, in run_endpoint_function
    return await run_in_threadpool(dependant.call, **values)
           ^^^^^^^^^^^^^^^^^^^^^^^^^^^^^^^^^^^^^^^^^^^^^^^^^
  File "C:\Users\HP\Desktop\project_pfe\backend_pfe\.venv\Lib\site-packages\starlette\concurrency.py", line 42, in run_in_threadpool
    return await anyio.to_thread.run_sync(func, *args)
           ^^^^^^^^^^^^^^^^^^^^^^^^^^^^^^^^^^^^^^^^^^^
  File "C:\Users\HP\Desktop\project_pfe\backend_pfe\.venv\Lib\site-packages\anyio\to_thread.py", line 63, in run_sync
    return await get_async_backend().run_sync_in_worker_thread(
           ^^^^^^^^^^^^^^^^^^^^^^^^^^^^^^^^^^^^^^^^^^^^^^^^^^^^
  File "C:\Users\HP\Desktop\project_pfe\backend_pfe\.venv\Lib\site-packages\anyio\_backends\_asyncio.py", line 2518, in run_sync_in_worker_thread
    return await future
           ^^^^^^^^^^^^
  File "C:\Users\HP\Desktop\project_pfe\backend_pfe\.venv\Lib\site-packages\anyio\_backends\_asyncio.py", line 1002, in run
    result = context.run(func, *args)
             ^^^^^^^^^^^^^^^^^^^^^^^^
  File "C:\Users\HP\Desktop\project_pfe\backend_pfe\app\routes\auth.py", line 52, in login
    user = db.query(User).filter(User.email == credentials.email).first()
           ^^^^^^^^^^^^^^^^^^^^^^^^^^^^^^^^^^^^^^^^^^^^^^^^^^^^^^^^^^^^^^
  File "C:\Users\HP\Desktop\project_pfe\backend_pfe\.venv\Lib\site-packages\sqlalchemy\orm\query.py", line 2728, in first
    return self.limit(1)._iter().first()  # type: ignore
           ^^^^^^^^^^^^^^^^^^^^^
  File "C:\Users\HP\Desktop\project_pfe\backend_pfe\.venv\Lib\site-packages\sqlalchemy\orm\query.py", line 2827, in _iter
    result: Union[ScalarResult[_T], Result[_T]] = self.session.execute(
                                                  ^^^^^^^^^^^^^^^^^^^^^
  File "C:\Users\HP\Desktop\project_pfe\backend_pfe\.venv\Lib\site-packages\sqlalchemy\orm\session.py", line 2351, in execute
    return self._execute_internal(
           ^^^^^^^^^^^^^^^^^^^^^^^
  File "C:\Users\HP\Desktop\project_pfe\backend_pfe\.venv\Lib\site-packages\sqlalchemy\orm\session.py", line 2236, in _execute_internal
    result: Result[Any] = compile_state_cls.orm_execute_statement(
                          ^^^^^^^^^^^^^^^^^^^^^^^^^^^^^^^^^^^^^^^^
  File "C:\Users\HP\Desktop\project_pfe\backend_pfe\.venv\Lib\site-packages\sqlalchemy\orm\context.py", line 293, in orm_execute_statement
    result = conn.execute(
             ^^^^^^^^^^^^^
  File "C:\Users\HP\Desktop\project_pfe\backend_pfe\.venv\Lib\site-packages\sqlalchemy\engine\base.py", line 1418, in execute
    return meth(
           ^^^^^
  File "C:\Users\HP\Desktop\project_pfe\backend_pfe\.venv\Lib\site-packages\sqlalchemy\sql\elements.py", line 515, in _execute_on_connection
    return connection._execute_clauseelement(
           ^^^^^^^^^^^^^^^^^^^^^^^^^^^^^^^^^^
  File "C:\Users\HP\Desktop\project_pfe\backend_pfe\.venv\Lib\site-packages\sqlalchemy\engine\base.py", line 1640, in _execute_clauseelement
    ret = self._execute_context(
          ^^^^^^^^^^^^^^^^^^^^^^
  File "C:\Users\HP\Desktop\project_pfe\backend_pfe\.venv\Lib\site-packages\sqlalchemy\engine\base.py", line 1846, in _execute_context
    return self._exec_single_context(
           ^^^^^^^^^^^^^^^^^^^^^^^^^^
  File "C:\Users\HP\Desktop\project_pfe\backend_pfe\.venv\Lib\site-packages\sqlalchemy\engine\base.py", line 1986, in _exec_single_context
    self._handle_dbapi_exception(
  File "C:\Users\HP\Desktop\project_pfe\backend_pfe\.venv\Lib\site-packages\sqlalchemy\engine\base.py", line 2353, in _handle_dbapi_exception
    raise sqlalchemy_exception.with_traceback(exc_info[2]) from e
  File "C:\Users\HP\Desktop\project_pfe\backend_pfe\.venv\Lib\site-packages\sqlalchemy\engine\base.py", line 1967, in _exec_single_context
    self.dialect.do_execute(
  File "C:\Users\HP\Desktop\project_pfe\backend_pfe\.venv\Lib\site-packages\sqlalchemy\engine\default.py", line 924, in do_execute
    cursor.execute(statement, parameters)
sqlalchemy.exc.ProgrammingError: (psycopg2.errors.UndefinedColumn) column users.hashed_password does not exist
LINE 1: ...ers_username, users.full_name AS users_full_name, users.hash...
                                                             ^

[SQL: SELECT users.user_id AS users_user_id, users.email AS users_email, users.username AS users_username, users.full_name AS users_full_name, users.hashed_password AS users_hashed_password, users.role AS users_role, users.is_active AS users_is_active, users.is_verified AS users_is_verified, users.created_at AS users_created_at, users.updated_at AS users_updated_at, users.last_login AS users_last_login 
FROM users 
WHERE users.email = %(email_1)s 
 LIMIT %(param_1)s]
[parameters: {'email_1': 'user12@example.com', 'param_1': 1}]
(Background on this error at: https://sqlalche.me/e/20/f405)
2026-04-22 23:19:10,317 | INFO | app.main | 🛑 Application shutdown
2026-04-22 23:19:27,120 | INFO | app.main | 🚀 Starting Petroleum Data API v1.0.0
2026-04-22 23:19:27,346 | INFO | app.database.session | Database tables initialized
2026-04-22 23:21:22,848 | INFO | app.main | 🛑 Application shutdown
2026-04-22 23:21:29,875 | INFO | app.main | 🚀 Starting Petroleum Data API v1.0.0
2026-04-22 23:21:30,109 | INFO | app.database.session | Database tables initialized
2026-04-22 23:29:14,483 | INFO | app.main | 🛑 Application shutdown
2026-04-22 23:29:31,732 | INFO | app.main | 🚀 Starting Petroleum Data API v1.0.0
2026-04-22 23:29:31,997 | INFO | app.database.session | Database tables initialized
2026-04-22 23:44:19,749 | INFO | app.main | 🛑 Application shutdown
2026-04-22 23:44:25,202 | INFO | app.main | 🚀 Starting Petroleum Data API v1.0.0
2026-04-22 23:44:25,352 | INFO | app.database.session | Database tables initialized
2026-04-22 23:47:29,863 | INFO | app.main | 🛑 Application shutdown
2026-04-22 23:47:34,080 | INFO | app.main | 🚀 Starting Petroleum Data API v1.0.0
2026-04-22 23:47:34,227 | INFO | app.database.session | Database tables initialized
2026-04-22 23:52:30,478 | INFO | app.main | 🛑 Application shutdown
2026-04-22 23:59:09,633 | INFO | app.main | 🚀 Starting Petroleum Data API v1.0.0
2026-04-22 23:59:09,780 | INFO | app.database.session | Database tables initialized
2026-04-22 23:59:16,294 | INFO | app.main | 🚀 Starting Petroleum Data API v1.0.0
2026-04-22 23:59:16,431 | INFO | app.database.session | Database tables initialized
2026-04-23 00:02:13,945 | INFO | app.main | 🛑 Application shutdown
2026-04-23 00:02:19,469 | INFO | app.main | 🚀 Starting Petroleum Data API v1.0.0
2026-04-23 00:02:19,572 | INFO | app.database.session | Database tables initialized
2026-04-23 00:04:52,456 | INFO | app.main | 🛑 Application shutdown
2026-04-23 00:04:57,337 | INFO | app.main | 🚀 Starting Petroleum Data API v1.0.0
2026-04-23 00:04:57,518 | INFO | app.database.session | Database tables initialized
2026-04-23 00:08:41,638 | INFO | app.main | 🛑 Application shutdown
2026-04-23 00:19:05,670 | INFO | app.main | 🚀 Starting Petroleum Data API v1.0.0
2026-04-23 00:19:06,007 | INFO | app.database.session | Database tables initialized
2026-04-23 00:26:55,210 | INFO | app.main | 🚀 Starting Petroleum Data API v1.0.0
2026-04-23 00:26:55,281 | INFO | app.database.session | Database tables initialized
2026-04-23 00:31:48,464 | INFO | app.main | 🚀 Starting Petroleum Data API v1.0.0
2026-04-23 00:31:48,530 | INFO | app.database.session | Database tables initialized
2026-04-23 00:36:46,567 | INFO | app.main | 🛑 Application shutdown
2026-04-23 00:36:49,190 | INFO | app.main | 🚀 Starting Petroleum Data API v1.0.0
2026-04-23 00:36:49,261 | INFO | app.database.session | Database tables initialized
2026-04-23 00:36:51,573 | INFO | app.main | 🚀 Starting Petroleum Data API v1.0.0
2026-04-23 00:36:51,632 | INFO | app.database.session | Database tables initialized
2026-04-23 00:37:21,749 | INFO | app.main | 🛑 Application shutdown
2026-04-23 00:37:24,106 | INFO | app.main | 🚀 Starting Petroleum Data API v1.0.0
2026-04-23 00:37:24,176 | INFO | app.database.session | Database tables initialized
2026-04-23 00:38:44,700 | INFO | app.main | 🛑 Application shutdown
2026-04-23 00:38:46,899 | INFO | app.main | 🚀 Starting Petroleum Data API v1.0.0
2026-04-23 00:38:46,960 | INFO | app.database.session | Database tables initialized
2026-04-23 00:38:49,082 | INFO | app.main | 🚀 Starting Petroleum Data API v1.0.0
2026-04-23 00:38:49,150 | INFO | app.database.session | Database tables initialized
2026-04-23 00:47:25,405 | INFO | app.main | 🛑 Application shutdown
2026-04-23 00:47:27,389 | INFO | app.main | 🚀 Starting Petroleum Data API v1.0.0
2026-04-23 00:47:27,454 | INFO | app.database.session | Database tables initialized
2026-04-23 00:47:29,373 | INFO | app.main | 🚀 Starting Petroleum Data API v1.0.0
2026-04-23 00:47:29,437 | INFO | app.database.session | Database tables initialized
2026-04-25 07:28:09,144 | INFO | app.main | 🚀 Starting Petroleum Data API v1.0.0
2026-04-25 07:28:09,329 | INFO | app.database.session | Database tables initialized
2026-04-25 10:58:48,439 | INFO | app.main | 🚀 Starting Petroleum Data API v1.0.0
2026-04-25 10:58:48,447 | INFO | app.database.session | Database tables initialized
2026-04-25 10:58:50,958 | INFO | app.main | 🚀 Starting Petroleum Data API v1.0.0
2026-04-25 10:58:50,965 | INFO | app.database.session | Database tables initialized
2026-04-25 11:25:59,933 | INFO | app.main | 🛑 Application shutdown
2026-04-25 11:26:50,279 | INFO | app.main | 🚀 Starting Petroleum Data API v1.0.0
2026-04-25 11:26:50,301 | INFO | app.database.session | Database tables initialized
2026-04-25 11:27:20,061 | INFO | app.main | 🛑 Application shutdown
2026-04-25 11:27:28,032 | INFO | app.main | 🚀 Starting Petroleum Data API v1.0.0
2026-04-25 11:27:28,046 | INFO | app.database.session | Database tables initialized
2026-04-25 11:36:02,928 | INFO | app.main | 🛑 Application shutdown
2026-04-25 11:36:12,855 | INFO | app.main | 🚀 Starting Petroleum Data API v1.0.0
2026-04-25 11:36:12,879 | INFO | app.database.session | Database tables initialized
2026-04-25 11:41:04,604 | INFO | app.main | 🛑 Application shutdown
2026-04-25 11:41:12,542 | INFO | app.main | 🚀 Starting Petroleum Data API v1.0.0
2026-04-25 11:41:12,555 | INFO | app.database.session | Database tables initialized
2026-04-25 11:41:21,255 | INFO | app.main | 🚀 Starting Petroleum Data API v1.0.0
2026-04-25 11:41:21,270 | INFO | app.database.session | Database tables initialized
2026-04-25 11:46:07,006 | INFO | app.main | 🛑 Application shutdown
2026-04-25 11:46:14,164 | INFO | app.main | 🚀 Starting Petroleum Data API v1.0.0
2026-04-25 11:46:14,174 | INFO | app.database.session | Database tables initialized
2026-04-25 11:46:43,990 | INFO | app.main | 🛑 Application shutdown
2026-04-25 11:46:50,953 | INFO | app.main | 🚀 Starting Petroleum Data API v1.0.0
2026-04-25 11:46:50,967 | INFO | app.database.session | Database tables initialized
2026-04-25 11:46:57,912 | INFO | app.main | 🚀 Starting Petroleum Data API v1.0.0
2026-04-25 11:46:57,914 | INFO | app.database.session | Database tables initialized
2026-04-25 11:51:07,517 | INFO | app.main | 🛑 Application shutdown
2026-04-25 11:51:14,171 | INFO | app.main | 🚀 Starting Petroleum Data API v1.0.0
2026-04-25 11:51:14,187 | INFO | app.database.session | Database tables initialized
2026-04-25 11:56:08,123 | INFO | app.main | 🛑 Application shutdown
2026-04-25 11:56:26,996 | INFO | app.main | 🚀 Starting Petroleum Data API v1.0.0
2026-04-25 11:56:27,034 | INFO | app.database.session | Database tables initialized
2026-04-25 12:01:11,813 | INFO | app.main | 🛑 Application shutdown
2026-04-26 00:08:07,168 | INFO | app.main | 🚀 Starting Petroleum Data API v1.0.0
2026-04-26 00:08:07,190 | INFO | app.database.session | Database tables initialized
2026-04-26 00:18:21,487 | INFO | app.main | 🛑 Application shutdown
2026-04-26 00:18:26,306 | INFO | app.main | 🚀 Starting Petroleum Data API v1.0.0
2026-04-26 00:18:26,310 | INFO | app.database.session | Database tables initialized
2026-04-26 00:18:47,074 | INFO | app.main | 🛑 Application shutdown
2026-04-26 00:18:49,481 | INFO | app.main | 🚀 Starting Petroleum Data API v1.0.0
2026-04-26 00:18:49,498 | INFO | app.database.session | Database tables initialized
2026-04-26 00:18:52,004 | INFO | app.main | 🚀 Starting Petroleum Data API v1.0.0
2026-04-26 00:18:52,007 | INFO | app.database.session | Database tables initialized
2026-04-26 00:20:44,198 | INFO | app.main | 🛑 Application shutdown
2026-04-26 00:20:46,994 | INFO | app.main | 🚀 Starting Petroleum Data API v1.0.0
2026-04-26 00:20:47,001 | INFO | app.database.session | Database tables initialized
2026-04-26 00:23:16,245 | INFO | app.main | 🚀 Starting Petroleum Data API v1.0.0
2026-04-26 00:23:16,251 | INFO | app.database.session | Database tables initialized
2026-04-26 00:51:55,185 | INFO | app.main | 🛑 Application shutdown
2026-04-26 00:51:55,186 | INFO | app.main | 🛑 Application shutdown
2026-04-26 00:55:47,279 | INFO | app.main | 🚀 Starting Petroleum Data API v1.0.0
2026-04-26 00:55:47,280 | INFO | app.main | 🚀 Starting Petroleum Data API v1.0.0
2026-04-26 00:55:47,280 | INFO | app.database.session | Database tables initialized
2026-04-26 00:55:47,280 | INFO | app.database.session | Database tables initialized
2026-04-26 00:56:17,308 | INFO | app.main | 🛑 Application shutdown
2026-04-26 00:56:46,823 | INFO | app.main | 🚀 Starting Petroleum Data API v1.0.0
2026-04-26 00:56:46,824 | INFO | app.main | 🚀 Starting Petroleum Data API v1.0.0
2026-04-26 00:56:46,824 | INFO | app.database.session | Database tables initialized
2026-04-26 00:56:46,833 | INFO | app.database.session | Database tables initialized
2026-04-26 01:00:06,285 | INFO | app.main | 🛑 Application shutdown
2026-04-26 01:00:06,285 | INFO | app.main | 🛑 Application shutdown
2026-04-26 01:00:08,932 | INFO | app.main | 🚀 Starting Petroleum Data API v1.0.0
2026-04-26 01:00:08,941 | INFO | app.database.session | Database tables initialized
2026-04-26 01:00:08,941 | INFO | app.main | 🚀 Starting Petroleum Data API v1.0.0
2026-04-26 01:00:08,952 | INFO | app.database.session | Database tables initialized
2026-04-26 01:00:11,720 | INFO | app.main | 🚀 Starting Petroleum Data API v1.0.0
2026-04-26 01:00:11,720 | INFO | app.main | 🚀 Starting Petroleum Data API v1.0.0
2026-04-26 01:00:11,726 | INFO | app.database.session | Database tables initialized
2026-04-26 01:00:11,728 | INFO | app.database.session | Database tables initialized
2026-04-26 01:00:55,573 | INFO | app.main | 🚀 Starting Petroleum Data API v1.0.0
2026-04-26 01:00:55,580 | INFO | app.database.session | Database tables initialized
2026-04-26 03:17:50,485 | INFO | app.main | 🛑 Application shutdown
2026-04-26 03:17:50,485 | INFO | app.main | 🛑 Application shutdown
2026-04-26 03:17:50,485 | INFO | app.main | 🛑 Application shutdown
2026-04-26 03:17:57,776 | INFO | app.main | 🚀 Starting Petroleum Data API v1.0.0
2026-04-26 03:17:57,791 | INFO | app.database.session | Database tables initialized
2026-04-26 03:17:57,797 | INFO | app.main | 🚀 Starting Petroleum Data API v1.0.0
2026-04-26 03:17:57,809 | INFO | app.main | 🚀 Starting Petroleum Data API v1.0.0
2026-04-26 03:17:57,815 | INFO | app.database.session | Database tables initialized
2026-04-26 03:17:57,829 | INFO | app.database.session | Database tables initialized
2026-04-26 03:18:04,403 | INFO | app.main | 🚀 Starting Petroleum Data API v1.0.0
2026-04-26 03:18:04,408 | INFO | app.main | 🚀 Starting Petroleum Data API v1.0.0
2026-04-26 03:18:04,419 | INFO | app.database.session | Database tables initialized
2026-04-26 03:18:04,419 | INFO | app.database.session | Database tables initialized
2026-04-26 03:18:04,485 | INFO | app.main | 🚀 Starting Petroleum Data API v1.0.0
2026-04-26 03:18:04,497 | INFO | app.database.session | Database tables initialized
2026-04-26 03:18:18,523 | INFO | app.main | 🚀 Starting Petroleum Data API v1.0.0
2026-04-26 03:18:18,539 | INFO | app.main | 🚀 Starting Petroleum Data API v1.0.0
2026-04-26 03:18:18,539 | INFO | app.database.session | Database tables initialized
2026-04-26 03:18:18,548 | INFO | app.database.session | Database tables initialized
2026-04-26 03:18:18,633 | INFO | app.main | 🚀 Starting Petroleum Data API v1.0.0
2026-04-26 03:18:18,647 | INFO | app.database.session | Database tables initialized
2026-04-26 03:18:24,415 | INFO | app.main | 🚀 Starting Petroleum Data API v1.0.0
2026-04-26 03:18:24,415 | INFO | app.main | 🚀 Starting Petroleum Data API v1.0.0
2026-04-26 03:18:24,418 | INFO | app.database.session | Database tables initialized
2026-04-26 03:18:24,418 | INFO | app.database.session | Database tables initialized
2026-04-26 03:18:24,487 | INFO | app.main | 🚀 Starting Petroleum Data API v1.0.0
2026-04-26 03:18:24,505 | INFO | app.database.session | Database tables initialized
2026-04-26 03:50:07,177 | INFO | app.main | 🛑 Application shutdown
2026-04-26 03:50:17,261 | INFO | app.main | 🚀 Starting Petroleum Data API v1.0.0
2026-04-26 03:50:17,267 | INFO | app.database.session | Database tables initialized
2026-04-26 03:51:58,157 | INFO | app.main | 🛑 Application shutdown
2026-04-26 03:51:58,240 | INFO | app.main | 🛑 Application shutdown
2026-04-26 03:52:07,094 | INFO | app.main | 🚀 Starting Petroleum Data API v1.0.0
2026-04-26 03:52:07,119 | INFO | app.database.session | Database tables initialized
2026-04-26 03:52:18,002 | INFO | app.main | 🚀 Starting Petroleum Data API v1.0.0
2026-04-26 03:52:18,016 | INFO | app.database.session | Database tables initialized
2026-04-26 03:57:41,956 | INFO | app.main | 🚀 Starting Petroleum Data API v1.0.0
2026-04-26 03:57:41,965 | INFO | app.database.session | Database tables initialized
2026-04-26 03:57:47,823 | INFO | app.main | 🚀 Starting Petroleum Data API v1.0.0
2026-04-26 03:57:47,838 | INFO | app.database.session | Database tables initialized
2026-04-26 03:57:55,087 | INFO | app.main | 🚀 Starting Petroleum Data API v1.0.0
2026-04-26 03:57:55,102 | INFO | app.database.session | Database tables initialized
2026-04-26 03:57:59,048 | INFO | app.main | 🛑 Application shutdown
2026-04-26 03:57:59,048 | INFO | app.main | 🛑 Application shutdown
2026-04-26 03:57:59,048 | INFO | app.main | 🛑 Application shutdown
2026-04-26 03:58:04,881 | INFO | app.main | 🚀 Starting Petroleum Data API v1.0.0
2026-04-26 03:58:04,889 | INFO | app.main | 🚀 Starting Petroleum Data API v1.0.0
2026-04-26 03:58:04,897 | INFO | app.database.session | Database tables initialized
2026-04-26 03:58:04,907 | INFO | app.database.session | Database tables initialized
2026-04-26 03:58:04,916 | INFO | app.main | 🚀 Starting Petroleum Data API v1.0.0
2026-04-26 03:58:04,930 | INFO | app.database.session | Database tables initialized
2026-04-26 04:01:02,363 | INFO | app.main | 🛑 Application shutdown
2026-04-26 04:01:04,803 | INFO | app.main | 🚀 Starting Petroleum Data API v1.0.0
2026-04-26 04:01:04,820 | INFO | app.database.session | Database tables initialized
2026-04-26 04:01:13,249 | INFO | app.main | 🚀 Starting Petroleum Data API v1.0.0
2026-04-26 04:01:13,266 | INFO | app.database.session | Database tables initialized
2026-04-26 04:01:13,465 | INFO | app.main | 🛑 Application shutdown
2026-04-26 04:01:13,488 | INFO | app.main | 🛑 Application shutdown
2026-04-26 04:01:23,730 | INFO | app.main | 🚀 Starting Petroleum Data API v1.0.0
2026-04-26 04:01:23,739 | INFO | app.main | 🚀 Starting Petroleum Data API v1.0.0
2026-04-26 04:01:23,749 | INFO | app.main | 🚀 Starting Petroleum Data API v1.0.0
2026-04-26 04:01:23,750 | INFO | app.database.session | Database tables initialized
2026-04-26 04:01:23,760 | INFO | app.database.session | Database tables initialized
2026-04-26 04:01:23,766 | INFO | app.database.session | Database tables initialized
2026-04-26 04:03:06,370 | ERROR | app.main | Unhandled exception: 1 validation errors:
  {'type': 'missing', 'loc': ('response', 'is_active'), 'msg': 'Field required', 'input': <app.models.user.User object at 0x000002264BFA4710>}
Traceback (most recent call last):
  File "C:\Users\HP\Desktop\project_pfe\backend_pfe\.venv\Lib\site-packages\starlette\middleware\errors.py", line 164, in __call__
    await self.app(scope, receive, _send)
  File "C:\Users\HP\Desktop\project_pfe\backend_pfe\.venv\Lib\site-packages\starlette\middleware\cors.py", line 93, in __call__
    await self.simple_response(scope, receive, send, request_headers=headers)
  File "C:\Users\HP\Desktop\project_pfe\backend_pfe\.venv\Lib\site-packages\starlette\middleware\cors.py", line 148, in simple_response
    await self.app(scope, receive, send)
  File "C:\Users\HP\Desktop\project_pfe\backend_pfe\.venv\Lib\site-packages\starlette\middleware\exceptions.py", line 65, in __call__
    await wrap_app_handling_exceptions(self.app, conn)(scope, receive, send)
  File "C:\Users\HP\Desktop\project_pfe\backend_pfe\.venv\Lib\site-packages\starlette\_exception_handler.py", line 64, in wrapped_app
    raise exc
  File "C:\Users\HP\Desktop\project_pfe\backend_pfe\.venv\Lib\site-packages\starlette\_exception_handler.py", line 53, in wrapped_app
    await app(scope, receive, sender)
  File "C:\Users\HP\Desktop\project_pfe\backend_pfe\.venv\Lib\site-packages\starlette\routing.py", line 756, in __call__
    await self.middleware_stack(scope, receive, send)
  File "C:\Users\HP\Desktop\project_pfe\backend_pfe\.venv\Lib\site-packages\starlette\routing.py", line 776, in app
    await route.handle(scope, receive, send)
  File "C:\Users\HP\Desktop\project_pfe\backend_pfe\.venv\Lib\site-packages\starlette\routing.py", line 297, in handle
    await self.app(scope, receive, send)
  File "C:\Users\HP\Desktop\project_pfe\backend_pfe\.venv\Lib\site-packages\starlette\routing.py", line 77, in app
    await wrap_app_handling_exceptions(app, request)(scope, receive, send)
  File "C:\Users\HP\Desktop\project_pfe\backend_pfe\.venv\Lib\site-packages\starlette\_exception_handler.py", line 64, in wrapped_app
    raise exc
  File "C:\Users\HP\Desktop\project_pfe\backend_pfe\.venv\Lib\site-packages\starlette\_exception_handler.py", line 53, in wrapped_app
    await app(scope, receive, sender)
  File "C:\Users\HP\Desktop\project_pfe\backend_pfe\.venv\Lib\site-packages\starlette\routing.py", line 72, in app
    response = await func(request)
               ^^^^^^^^^^^^^^^^^^^
  File "C:\Users\HP\Desktop\project_pfe\backend_pfe\.venv\Lib\site-packages\fastapi\routing.py", line 296, in app
    content = await serialize_response(
              ^^^^^^^^^^^^^^^^^^^^^^^^^
  File "C:\Users\HP\Desktop\project_pfe\backend_pfe\.venv\Lib\site-packages\fastapi\routing.py", line 155, in serialize_response
    raise ResponseValidationError(
fastapi.exceptions.ResponseValidationError: 1 validation errors:
  {'type': 'missing', 'loc': ('response', 'is_active'), 'msg': 'Field required', 'input': <app.models.user.User object at 0x000002264BFA4710>}

2026-04-26 04:09:53,440 | INFO | app.main | 🛑 Application shutdown
2026-04-26 04:10:03,679 | INFO | app.main | 🚀 Starting Petroleum Data API v1.0.0
2026-04-26 04:10:03,712 | INFO | app.database.session | Database tables initialized
2026-04-26 04:11:04,927 | INFO | app.main | 🛑 Application shutdown
2026-04-26 04:11:14,421 | INFO | app.main | 🚀 Starting Petroleum Data API v1.0.0
2026-04-26 04:11:14,452 | INFO | app.database.session | Database tables initialized
2026-04-26 04:11:15,402 | INFO | app.main | 🛑 Application shutdown
2026-04-26 04:11:15,509 | INFO | app.main | 🛑 Application shutdown
2026-04-26 04:11:15,509 | INFO | app.main | 🛑 Application shutdown
2026-04-26 04:11:24,698 | INFO | app.main | 🚀 Starting Petroleum Data API v1.0.0
2026-04-26 04:11:24,724 | INFO | app.database.session | Database tables initialized
2026-04-26 04:11:24,862 | INFO | app.main | 🚀 Starting Petroleum Data API v1.0.0
2026-04-26 04:11:24,888 | INFO | app.database.session | Database tables initialized
2026-04-26 04:11:24,924 | INFO | app.main | 🚀 Starting Petroleum Data API v1.0.0
2026-04-26 04:11:24,943 | INFO | app.database.session | Database tables initialized
